transaction_id,timestamp,customer_id,amount,payment_method,card_network,merchant_category,device_type,ip_country,is_3ds_authenticated,is_chargeback
TXN_000001,2026-01-01 00:00:13.574571275,CUST_01116,2073.7,card,mastercard,electronics,mobile_ios,IN,True,0
TXN_000002,2026-01-01 00:02:06.804404490,CUST_00063,2114.39,netbanking,mastercard,gaming,mobile_android,IN,True,0
TXN_000003,2026-01-01 00:02:18.418256700,CUST_00010,1039.49,card,mastercard,travel,mobile_android,IN,True,0
TXN_000004,2026-01-01 00:04:08.197030467,CUST_00006,455.72,upi,visa,electronics,desktop_windows,IN,True,0
TXN_000005,2026-01-01 00:04:49.302461039,CUST_00182,2361.69,upi,mastercard,electronics,mobile_android,GB,True,0
TXN_000006,2026-01-01 00:07:06.374776183,CUST_00074,3217.26,upi,mastercard,groceries,mobile_android,GB,True,0
TXN_000007,2026-01-01 00:07:51.571769373,CUST_00458,960.78,wallet,visa,fashion,desktop_mac,IN,True,0
TXN_000008,2026-01-01 00:08:53.882728348,CUST_02907,23237.52,netbanking,visa,electronics,desktop_windows,IN,False,1
TXN_000009,2026-01-01 00:10:00.853666655,CUST_00395,4506.65,card,visa,gaming,mobile_android,IN,True,0
TXN_000010,2026-01-01 00:22:07.026911181,CUST_00445,1534.46,upi,mastercard,digital_goods,mobile_android,US,True,0
TXN_000011,2026-01-01 00:26:23.685554507,CUST_00032,1000.37,upi,visa,digital_goods,mobile_android,IN,True,0
TXN_000012,2026-01-01 00:26:26.099162779,CUST_03892,559.59,wallet,mastercard,groceries,mobile_android,GB,True,0
TXN_000013,2026-01-01 00:27:19.228216077,CUST_00047,1985.29,card,visa,electronics,mobile_android,IN,True,0
TXN_000014,2026-01-01 00:32:01.449202981,CUST_00305,6009.74,upi,mastercard,fashion,mobile_ios,IN,False,1
TXN_000015,2026-01-01 00:33:53.222409839,CUST_03494,1251.86,upi,mastercard,fashion,mobile_android,IN,True,0
TXN_000016,2026-01-01 00:36:39.757847817,CUST_00607,4274.25,upi,visa,digital_goods,mobile_ios,IN,True,0
TXN_000017,2026-01-01 00:37:11.751986892,CUST_00304,1185.75,upi,rupay,travel,mobile_android,US,True,0
TXN_000018,2026-01-01 00:37:23.806318323,CUST_01779,858.88,card,visa,electronics,mobile_android,IN,False,0
TXN_000019,2026-01-01 00:38:01.846272674,CUST_00004,3279.29,upi,mastercard,electronics,mobile_ios,GB,False,0
TXN_000020,2026-01-01 00:44:54.610434970,CUST_00270,1770.31,upi,amex,groceries,mobile_ios,SG,True,0
TXN_000021,2026-01-01 00:46:41.209352053,CUST_01079,1218.6,upi,rupay,fashion,mobile_ios,IN,True,0
TXN_000022,2026-01-01 00:47:51.448684810,CUST_03914,217.55,netbanking,mastercard,fashion,mobile_android,US,True,0
TXN_000023,2026-01-01 00:50:00.826231671,CUST_03693,320.03,card,mastercard,groceries,desktop_mac,IN,False,0
TXN_000024,2026-01-01 00:52:27.945856175,CUST_01294,2671.72,netbanking,visa,gaming,mobile_android,IN,True,1
TXN_000025,2026-01-01 00:54:55.861147391,CUST_00308,6489.15,upi,visa,electronics,mobile_android,GB,True,0
TXN_000026,2026-01-01 00:55:49.325265879,CUST_00951,570.4,upi,mastercard,travel,mobile_android,IN,True,0
TXN_000027,2026-01-01 01:06:30.433382865,CUST_03388,1340.55,card,rupay,gaming,mobile_android,AE,True,0
TXN_000028,2026-01-01 01:07:03.057619366,CUST_01506,2737.2,upi,unknown,electronics,mobile_ios,IN,True,0
TXN_000029,2026-01-01 01:11:33.917039961,CUST_00050,14858.44,card,mastercard,fashion,mobile_ios,SG,False,1
TXN_000030,2026-01-01 01:12:45.598045591,CUST_03730,2766.23,card,mastercard,groceries,mobile_android,IN,False,0
TXN_000031,2026-01-01 01:14:38.243575894,CUST_03117,914.54,card,mastercard,digital_goods,mobile_android,IN,True,0
TXN_000032,2026-01-01 01:16:46.101906114,CUST_00112,1656.96,card,mastercard,digital_goods,mobile_android,US,True,0
TXN_000033,2026-01-01 01:17:09.094887470,CUST_01451,1762.31,upi,rupay,electronics,mobile_ios,IN,True,0
TXN_000034,2026-01-01 01:17:51.667381342,CUST_02920,3825.26,upi,visa,fashion,desktop_windows,IN,True,0
TXN_000035,2026-01-01 01:20:10.651665612,CUST_00116,1291.53,upi,visa,travel,mobile_android,IN,True,0
TXN_000036,2026-01-01 01:23:51.266730686,CUST_03299,1074.64,upi,visa,digital_goods,mobile_android,IN,True,0
TXN_000037,2026-01-01 01:25:45.667607011,CUST_00075,1777.61,card,visa,groceries,unknown,IN,True,0
TXN_000038,2026-01-01 01:31:01.311719008,CUST_00345,4579.75,card,mastercard,electronics,mobile_android,IN,False,0
TXN_000039,2026-01-01 01:32:18.793746804,CUST_03470,3136.87,card,mastercard,groceries,mobile_ios,GB,True,0
TXN_000040,2026-01-01 01:33:19.333175067,CUST_03502,6938.47,card,visa,digital_goods,mobile_ios,IN,True,0
TXN_000041,2026-01-01 01:37:07.133906003,CUST_00002,843.95,card,visa,fashion,mobile_android,GB,True,0
TXN_000042,2026-01-01 01:37:12.652382696,CUST_02826,1168.09,upi,mastercard,fashion,mobile_android,IN,True,0
TXN_000043,2026-01-01 01:40:51.856145159,CUST_01654,814.77,card,visa,travel,mobile_android,US,True,0
TXN_000044,2026-01-01 01:41:29.999841934,CUST_02868,4344.98,card,amex,electronics,mobile_android,US,True,0
TXN_000045,2026-01-01 01:43:35.669550998,CUST_00629,822.86,card,rupay,fashion,mobile_android,IN,True,0
TXN_000046,2026-01-01 01:43:37.821877260,CUST_03823,1702.32,card,visa,fashion,mobile_android,IN,True,0
TXN_000047,2026-01-01 01:44:28.981470275,CUST_01984,1717.82,upi,mastercard,groceries,mobile_android,IN,True,0
TXN_000048,2026-01-01 01:50:41.300333139,CUST_02056,2904.83,upi,visa,fashion,mobile_android,IN,True,0
TXN_000049,2026-01-01 01:53:16.911710406,CUST_00523,4351.02,card,visa,groceries,mobile_ios,SG,True,0
TXN_000050,2026-01-01 01:54:00.348412293,CUST_00429,711.7,upi,visa,digital_goods,mobile_ios,GB,True,0
TXN_000051,2026-01-01 01:54:26.126335871,CUST_00099,1427.13,upi,visa,electronics,mobile_ios,AE,True,0
TXN_000052,2026-01-01 01:55:32.616552618,CUST_00008,1331.4,wallet,amex,groceries,mobile_android,US,True,0
TXN_000053,2026-01-01 01:56:03.531583094,CUST_03111,1682.89,netbanking,rupay,digital_goods,mobile_android,IN,True,0
TXN_000054,2026-01-01 02:00:43.753769642,CUST_01126,1380.61,upi,mastercard,electronics,desktop_windows,IN,True,0
TXN_000055,2026-01-01 02:02:58.585619678,CUST_00984,3450.73,upi,mastercard,digital_goods,mobile_android,SG,True,0
TXN_000056,2026-01-01 02:05:10.890884315,CUST_00304,1094.82,card,mastercard,digital_goods,desktop_windows,IN,True,0
TXN_000057,2026-01-01 02:10:08.486413320,CUST_01930,4471.91,card,mastercard,groceries,mobile_ios,IN,True,0
TXN_000058,2026-01-01 02:12:17.962603541,CUST_00467,711.51,upi,visa,electronics,desktop_windows,IN,True,0
TXN_000059,2026-01-01 02:23:13.795830481,CUST_02397,1718.76,card,amex,fashion,desktop_windows,IN,True,0
TXN_000060,2026-01-01 02:24:11.477276509,CUST_00015,3978.65,upi,visa,travel,desktop_windows,IN,False,0
TXN_000061,2026-01-01 02:26:14.456317422,CUST_00150,2215.47,upi,visa,electronics,mobile_android,IN,True,0
TXN_000062,2026-01-01 02:26:49.607395961,CUST_00203,1960.59,upi,visa,gaming,mobile_android,GB,True,0
TXN_000063,2026-01-01 02:28:31.464931663,CUST_00002,755.45,netbanking,mastercard,electronics,mobile_ios,IN,True,0
TXN_000064,2026-01-01 02:29:44.881739897,CUST_01486,812.98,upi,mastercard,digital_goods,mobile_android,IN,True,0
TXN_000065,2026-01-01 02:30:10.503092576,CUST_01700,1800.02,upi,mastercard,digital_goods,mobile_ios,US,True,0
TXN_000066,2026-01-01 02:30:51.350679718,CUST_00485,2583.91,upi,visa,gaming,mobile_ios,IN,True,0
TXN_000067,2026-01-01 02:31:48.940893664,CUST_02299,830.03,upi,mastercard,groceries,mobile_ios,US,True,0
TXN_000068,2026-01-01 02:33:21.459437719,CUST_03566,35471.61,upi,visa,electronics,mobile_ios,IN,True,1
TXN_000069,2026-01-01 02:35:58.618212023,CUST_01911,856.83,upi,rupay,travel,mobile_android,GB,True,0
TXN_000070,2026-01-01 02:36:52.932179165,CUST_01540,6863.77,upi,amex,fashion,mobile_android,AE,True,0
TXN_000071,2026-01-01 02:37:26.323104247,CUST_00590,11736.99,card,visa,groceries,mobile_android,GB,True,0
TXN_000072,2026-01-01 02:41:43.560449305,CUST_00965,744.87,upi,mastercard,electronics,desktop_mac,US,True,0
TXN_000073,2026-01-01 02:47:44.895334006,CUST_00211,3113.23,netbanking,rupay,groceries,mobile_ios,IN,True,0
TXN_000074,2026-01-01 02:49:03.792414843,CUST_00145,1298.3,card,mastercard,electronics,mobile_ios,US,True,0
TXN_000075,2026-01-01 02:50:22.442719122,CUST_00003,3884.41,card,mastercard,fashion,desktop_windows,AE,True,0
TXN_000076,2026-01-01 02:50:30.500298801,CUST_00692,2345.09,upi,mastercard,electronics,mobile_android,SG,True,0
TXN_000077,2026-01-01 02:51:11.892066268,CUST_00121,5763.93,upi,rupay,gaming,mobile_android,AE,False,1
TXN_000078,2026-01-01 02:51:49.044129509,CUST_00647,3622.02,netbanking,visa,fashion,mobile_ios,GB,True,0
TXN_000079,2026-01-01 02:53:37.964537395,CUST_02419,2201.82,card,visa,electronics,desktop_mac,US,True,0
TXN_000080,2026-01-01 02:53:55.754878032,CUST_00368,600.85,upi,mastercard,travel,desktop_windows,AE,True,0
TXN_000081,2026-01-01 02:54:47.961543647,CUST_00272,1969.58,upi,visa,groceries,mobile_android,SG,True,0
TXN_000082,2026-01-01 02:57:35.290890033,CUST_00582,734.12,upi,unknown,fashion,mobile_android,SG,True,0
TXN_000083,2026-01-01 03:00:01.494423579,CUST_00742,4785.25,card,rupay,groceries,mobile_android,SG,True,0
TXN_000084,2026-01-01 03:00:47.822836036,CUST_00186,5725.67,netbanking,mastercard,electronics,mobile_android,US,True,0
TXN_000085,2026-01-01 03:01:06.368441232,CUST_01169,1238.93,card,visa,electronics,mobile_ios,SG,True,0
TXN_000086,2026-01-01 03:01:56.760990774,CUST_00003,3076.96,wallet,mastercard,fashion,desktop_mac,IN,True,0
TXN_000087,2026-01-01 03:03:29.251876818,CUST_00710,2981.68,card,visa,gaming,mobile_ios,GB,True,0
TXN_000088,2026-01-01 03:05:09.681267122,CUST_01410,3221.59,card,rupay,groceries,mobile_android,GB,True,0
TXN_000089,2026-01-01 03:05:22.240559912,CUST_00643,10919.39,upi,visa,groceries,mobile_android,US,True,0
TXN_000090,2026-01-01 03:06:22.595896933,CUST_03793,1287.87,upi,mastercard,fashion,mobile_android,SG,False,0
TXN_000091,2026-01-01 03:10:24.766401818,CUST_00054,2028.5,upi,visa,fashion,mobile_android,AE,True,0
TXN_000092,2026-01-01 03:16:41.429320551,CUST_00601,2599.24,upi,mastercard,fashion,mobile_android,IN,True,0
TXN_000093,2026-01-01 03:23:07.412733104,CUST_00217,2137.17,card,visa,fashion,desktop_windows,IN,True,0
TXN_000094,2026-01-01 03:23:18.601020252,CUST_03125,1781.36,upi,visa,fashion,mobile_android,GB,True,0
TXN_000095,2026-01-01 03:29:00.845357159,CUST_00074,1807.55,upi,mastercard,travel,mobile_android,IN,True,0
TXN_000096,2026-01-01 03:32:27.615800743,CUST_00837,1227.8,upi,visa,gaming,mobile_android,GB,True,0
TXN_000097,2026-01-01 03:34:43.062927749,CUST_00516,1946.71,upi,mastercard,fashion,mobile_android,IN,True,0
TXN_000098,2026-01-01 03:36:08.889185599,CUST_03244,1312.62,upi,mastercard,groceries,desktop_windows,GB,False,0
TXN_000099,2026-01-01 03:36:44.731676037,CUST_00982,538.25,upi,rupay,electronics,mobile_ios,IN,True,0
TXN_000100,2026-01-01 03:38:40.755727740,CUST_00641,521.26,card,visa,travel,mobile_ios,US,True,0
TXN_000101,2026-01-01 03:38:57.065592597,CUST_01108,1050.59,wallet,visa,fashion,mobile_android,IN,True,0
TXN_000102,2026-01-01 03:39:05.268988448,CUST_01757,3535.74,upi,mastercard,fashion,mobile_ios,IN,True,0
TXN_000103,2026-01-01 03:44:32.313387473,CUST_00003,3627.9,netbanking,visa,gaming,mobile_android,SG,True,0
TXN_000104,2026-01-01 03:45:08.635947463,CUST_00149,4444.64,upi,visa,electronics,mobile_android,SG,True,0
TXN_000105,2026-01-01 03:50:11.120072934,CUST_00134,1551.61,upi,mastercard,electronics,mobile_android,IN,True,0
TXN_000106,2026-01-01 03:50:34.355704281,CUST_00491,4360.94,card,visa,groceries,mobile_ios,US,False,0
TXN_000107,2026-01-01 03:51:13.380124000,CUST_01062,5640.36,netbanking,mastercard,gaming,mobile_android,AE,True,0
TXN_000108,2026-01-01 03:51:40.366279498,CUST_03233,1367.98,card,visa,digital_goods,mobile_android,AE,True,0
TXN_000109,2026-01-01 03:52:50.960507231,CUST_01016,822.67,upi,rupay,digital_goods,desktop_windows,AE,True,0
TXN_000110,2026-01-01 03:57:03.763260338,CUST_00076,5429.76,upi,visa,digital_goods,mobile_android,SG,True,0
TXN_000111,2026-01-01 04:02:09.721391823,CUST_00854,2159.72,netbanking,visa,gaming,mobile_android,SG,False,0
TXN_000112,2026-01-01 04:03:36.652983588,CUST_00528,2968.91,upi,visa,digital_goods,mobile_ios,IN,True,0
TXN_000113,2026-01-01 04:06:00.736545943,CUST_01393,1505.02,upi,visa,travel,mobile_android,IN,True,0
TXN_000114,2026-01-01 04:06:13.976593900,CUST_01348,1455.91,card,visa,electronics,mobile_android,IN,True,0
TXN_000115,2026-01-01 04:06:26.060196205,CUST_01469,467.51,upi,mastercard,gaming,mobile_ios,AE,True,0
TXN_000116,2026-01-01 04:10:01.960622531,CUST_03974,8964.95,upi,mastercard,fashion,mobile_android,IN,True,0
TXN_000117,2026-01-01 04:11:09.646048471,CUST_00003,2313.17,netbanking,mastercard,gaming,mobile_android,IN,True,0
TXN_000118,2026-01-01 04:14:13.934768556,CUST_02074,1454.67,card,visa,groceries,mobile_ios,IN,True,0
TXN_000119,2026-01-01 04:15:24.159547420,CUST_02736,1742.26,upi,visa,electronics,desktop_windows,GB,True,0
TXN_000120,2026-01-01 04:17:04.565997560,CUST_00147,1008.68,upi,mastercard,fashion,desktop_windows,US,True,0
TXN_000121,2026-01-01 04:19:10.930518511,CUST_02043,10542.84,upi,mastercard,electronics,mobile_android,SG,True,0
TXN_000122,2026-01-01 04:20:30.488818273,CUST_00025,1105.98,netbanking,visa,digital_goods,mobile_android,AE,True,0
TXN_000123,2026-01-01 04:21:35.951145802,CUST_00920,392.31,card,mastercard,groceries,mobile_android,IN,True,0
TXN_000124,2026-01-01 04:22:40.955230469,CUST_00273,1663.93,card,mastercard,digital_goods,mobile_android,IN,False,0
TXN_000125,2026-01-01 04:23:00.043609786,CUST_00125,3048.67,wallet,mastercard,fashion,mobile_android,US,True,0
TXN_000126,2026-01-01 04:25:37.386592684,CUST_01401,4829.67,upi,mastercard,fashion,mobile_ios,IN,True,0
TXN_000127,2026-01-01 04:25:58.853236643,CUST_00456,2046.16,upi,mastercard,digital_goods,mobile_android,GB,True,0
TXN_000128,2026-01-01 04:26:29.285457799,CUST_00063,1365.85,netbanking,visa,fashion,mobile_android,US,True,0
TXN_000129,2026-01-01 04:27:40.003969923,CUST_01200,523.25,upi,mastercard,electronics,mobile_ios,GB,True,0
TXN_000130,2026-01-01 04:28:51.500364257,CUST_00783,8866.44,upi,mastercard,groceries,mobile_android,US,True,0
TXN_000131,2026-01-01 04:29:53.779275199,CUST_00005,296.62,upi,rupay,gaming,mobile_android,US,True,0
TXN_000132,2026-01-01 04:33:40.273123780,CUST_02479,4479.22,wallet,mastercard,electronics,desktop_windows,US,True,0
TXN_000133,2026-01-01 04:34:26.471851748,CUST_03873,1403.49,card,visa,fashion,mobile_android,SG,True,0
TXN_000134,2026-01-01 04:38:57.850877760,CUST_00313,5791.9,card,visa,groceries,mobile_android,IN,True,0
TXN_000135,2026-01-01 04:40:53.335790361,CUST_03878,2141.42,upi,visa,gaming,mobile_android,SG,True,0
TXN_000136,2026-01-01 04:42:39.223524043,CUST_03960,728.35,upi,mastercard,electronics,mobile_android,AE,True,0
TXN_000137,2026-01-01 04:44:42.583878187,CUST_00637,928.55,upi,mastercard,fashion,mobile_ios,GB,True,0
TXN_000138,2026-01-01 04:45:13.141610928,CUST_03274,1431.18,upi,mastercard,electronics,mobile_android,IN,True,0
TXN_000139,2026-01-01 04:47:12.771631160,CUST_02208,2753.07,card,visa,groceries,mobile_android,IN,True,0
TXN_000140,2026-01-01 04:50:47.129622158,CUST_02581,161.29,upi,rupay,groceries,desktop_windows,GB,True,0
TXN_000141,2026-01-01 04:53:13.978817470,CUST_00033,1392.56,netbanking,rupay,groceries,mobile_android,IN,False,0
TXN_000142,2026-01-01 04:53:26.434968729,CUST_02195,1590.32,card,mastercard,groceries,mobile_android,IN,True,0
TXN_000143,2026-01-01 04:54:28.338050156,CUST_00135,528.9,upi,visa,gaming,desktop_windows,US,True,0
TXN_000144,2026-01-01 04:54:31.870812722,CUST_01979,7026.94,upi,visa,gaming,mobile_android,IN,True,0
TXN_000145,2026-01-01 04:55:29.991844543,CUST_00135,655.38,upi,unknown,digital_goods,mobile_android,IN,True,0
TXN_000146,2026-01-01 04:55:50.194771166,CUST_02219,808.52,upi,visa,groceries,mobile_android,IN,True,0
TXN_000147,2026-01-01 04:57:10.235378462,CUST_03047,3656.72,card,mastercard,electronics,mobile_android,IN,True,0
TXN_000148,2026-01-01 04:57:14.441445933,CUST_00765,3049.08,card,rupay,groceries,desktop_mac,SG,False,0
TXN_000149,2026-01-01 05:03:09.104476794,CUST_00541,259.54,upi,visa,groceries,mobile_android,US,True,0
TXN_000150,2026-01-01 05:04:00.048857047,CUST_00048,3040.86,wallet,visa,groceries,mobile_ios,SG,True,0
TXN_000151,2026-01-01 05:07:07.508637595,CUST_00135,350.47,upi,mastercard,fashion,mobile_android,IN,True,0
TXN_000152,2026-01-01 05:07:39.839915822,CUST_03925,1686.54,card,rupay,fashion,mobile_android,AE,True,0
TXN_000153,2026-01-01 05:10:25.112703058,CUST_01874,658.74,upi,mastercard,gaming,mobile_android,GB,True,0
TXN_000154,2026-01-01 05:11:20.931500990,CUST_02120,3113.96,upi,rupay,groceries,mobile_android,IN,True,0
TXN_000155,2026-01-01 05:13:25.573970148,CUST_02430,6962.29,netbanking,visa,digital_goods,mobile_ios,SG,False,0
TXN_000156,2026-01-01 05:19:22.059747677,CUST_01094,2561.39,card,visa,digital_goods,mobile_ios,IN,True,0
TXN_000157,2026-01-01 05:21:43.710748020,CUST_00565,4171.89,upi,mastercard,electronics,mobile_android,IN,True,0
TXN_000158,2026-01-01 05:22:02.251508974,CUST_00325,8428.94,upi,visa,fashion,desktop_windows,GB,True,0
TXN_000159,2026-01-01 05:26:53.851538079,CUST_00003,3644.94,netbanking,mastercard,travel,mobile_android,US,True,0
TXN_000160,2026-01-01 05:29:45.848649328,CUST_02400,2435.96,card,visa,electronics,mobile_android,IN,True,1
TXN_000161,2026-01-01 05:34:00.857116076,CUST_02814,742.04,card,mastercard,groceries,mobile_android,SG,False,0
TXN_000162,2026-01-01 05:38:56.607318035,CUST_00314,2867.52,card,mastercard,electronics,desktop_windows,AE,True,0
TXN_000163,2026-01-01 05:39:36.016344057,CUST_00813,3317.65,upi,rupay,digital_goods,mobile_ios,US,True,0
TXN_000164,2026-01-01 05:40:27.909902739,CUST_01070,1503.16,card,unknown,digital_goods,mobile_ios,SG,True,0
TXN_000165,2026-01-01 05:43:34.569074340,CUST_01454,1464.34,netbanking,visa,travel,mobile_android,GB,True,0
TXN_000166,2026-01-01 05:43:42.067458010,CUST_01415,5703.6,upi,visa,fashion,unknown,IN,True,0
TXN_000167,2026-01-01 05:44:31.322019116,CUST_00090,2733.54,netbanking,mastercard,fashion,mobile_android,US,True,0
TXN_000168,2026-01-01 05:45:27.537131337,CUST_01614,1258.92,wallet,mastercard,fashion,mobile_android,IN,False,0
TXN_000169,2026-01-01 05:49:49.366303810,CUST_02011,644.53,upi,visa,groceries,mobile_android,SG,True,0
TXN_000170,2026-01-01 05:55:59.695007684,CUST_00002,851.56,netbanking,rupay,gaming,mobile_ios,IN,False,0
TXN_000171,2026-01-01 05:56:20.350378755,CUST_01254,1512.06,upi,rupay,travel,mobile_ios,US,True,0
TXN_000172,2026-01-01 05:57:49.806837935,CUST_00494,1944.66,card,rupay,electronics,mobile_android,GB,True,0
TXN_000173,2026-01-01 06:00:40.418362516,CUST_02976,2923.43,upi,mastercard,fashion,mobile_android,IN,True,0
TXN_000174,2026-01-01 06:01:34.751413087,CUST_03476,1891.92,upi,visa,electronics,mobile_android,IN,False,0
TXN_000175,2026-01-01 06:03:13.530938134,CUST_01095,1044.16,netbanking,visa,fashion,mobile_android,IN,True,0
TXN_000176,2026-01-01 06:03:47.376817544,CUST_00448,1477.09,card,visa,groceries,mobile_ios,GB,True,0
TXN_000177,2026-01-01 06:06:56.466357595,CUST_03426,2123.51,netbanking,mastercard,groceries,mobile_android,IN,True,0
TXN_000178,2026-01-01 06:10:01.106712926,CUST_00182,2859.78,upi,mastercard,digital_goods,desktop_windows,SG,True,0
TXN_000179,2026-01-01 06:11:14.277596133,CUST_00732,824.84,card,mastercard,fashion,mobile_ios,IN,True,0
TXN_000180,2026-01-01 06:12:10.207041038,CUST_00336,762.34,upi,mastercard,digital_goods,mobile_ios,AE,True,0
TXN_000181,2026-01-01 06:12:50.340889239,CUST_00053,603.23,upi,rupay,groceries,desktop_mac,IN,True,0
TXN_000182,2026-01-01 06:13:00.004403945,CUST_03051,4657.43,netbanking,rupay,travel,mobile_ios,IN,True,0
TXN_000183,2026-01-01 06:14:45.416258646,CUST_00154,1153.5,card,mastercard,groceries,mobile_android,IN,True,0
TXN_000184,2026-01-01 06:19:15.719113031,CUST_02298,1106.65,upi,visa,travel,mobile_android,US,True,0
TXN_000185,2026-01-01 06:19:32.600086428,CUST_02016,1817.33,upi,visa,electronics,mobile_android,US,True,0
TXN_000186,2026-01-01 06:20:41.177567376,CUST_01505,2614.91,card,mastercard,electronics,mobile_ios,IN,True,0
TXN_000187,2026-01-01 06:25:18.471187464,CUST_00026,1833.2,netbanking,visa,groceries,mobile_android,IN,True,0
TXN_000188,2026-01-01 06:28:57.190691784,CUST_00451,1520.61,upi,mastercard,electronics,mobile_android,US,True,0
TXN_000189,2026-01-01 06:31:45.727758463,CUST_03327,2878.1,upi,visa,groceries,unknown,IN,True,0
TXN_000190,2026-01-01 06:31:47.799972515,CUST_00365,1568.83,card,visa,electronics,mobile_ios,IN,True,0
TXN_000191,2026-01-01 06:34:13.893672435,CUST_00002,643.91,upi,mastercard,electronics,desktop_windows,SG,True,0
TXN_000192,2026-01-01 06:34:59.936869913,CUST_01842,2728.59,card,mastercard,electronics,mobile_ios,IN,False,0
TXN_000193,2026-01-01 06:38:06.231789748,CUST_01619,1548.24,upi,rupay,fashion,mobile_android,AE,True,0
TXN_000194,2026-01-01 06:38:38.980885224,CUST_01079,1181.41,card,mastercard,electronics,mobile_android,AE,True,0
TXN_000195,2026-01-01 06:38:39.400431017,CUST_00358,2954.81,upi,visa,travel,mobile_ios,SG,False,0
TXN_000196,2026-01-01 06:40:10.596830953,CUST_00274,971.86,upi,rupay,gaming,mobile_android,IN,True,0
TXN_000197,2026-01-01 06:40:54.887528017,CUST_00127,7194.52,netbanking,visa,gaming,mobile_android,IN,True,0
TXN_000198,2026-01-01 06:42:49.324446649,CUST_01131,936.69,upi,mastercard,gaming,mobile_android,IN,True,0
TXN_000199,2026-01-01 06:43:31.748782629,CUST_03963,3846.4,upi,visa,fashion,mobile_android,GB,True,0
TXN_000200,2026-01-01 06:46:46.228138974,CUST_02216,2075.76,card,mastercard,gaming,mobile_android,IN,True,0
TXN_000201,2026-01-01 06:48:15.995335570,CUST_01441,1782.7,upi,amex,fashion,mobile_android,US,True,0
TXN_000202,2026-01-01 06:48:54.022336106,CUST_01032,2127.26,card,mastercard,electronics,mobile_android,IN,True,0
TXN_000203,2026-01-01 06:51:38.186650623,CUST_01721,5270.52,card,rupay,fashion,mobile_android,US,True,0
TXN_000204,2026-01-01 06:56:47.799098317,CUST_00765,2546.94,netbanking,visa,fashion,mobile_ios,IN,True,0
TXN_000205,2026-01-01 07:01:43.922793799,CUST_02678,3117.75,upi,rupay,fashion,desktop_windows,IN,True,0
TXN_000206,2026-01-01 07:09:58.792432039,CUST_01087,887.04,netbanking,visa,fashion,mobile_android,AE,True,0
TXN_000207,2026-01-01 07:12:32.067205286,CUST_00150,3113.98,card,visa,travel,mobile_android,US,True,0
TXN_000208,2026-01-01 07:14:35.262619426,CUST_01006,1827.77,netbanking,visa,groceries,mobile_android,IN,True,0
TXN_000209,2026-01-01 07:14:45.469501129,CUST_00147,1426.91,upi,mastercard,groceries,desktop_windows,IN,True,0
TXN_000210,2026-01-01 07:15:18.368164087,CUST_00893,1345.01,upi,mastercard,groceries,mobile_ios,IN,True,0
TXN_000211,2026-01-01 07:16:05.544708882,CUST_02363,903.23,netbanking,visa,fashion,desktop_windows,GB,True,0
TXN_000212,2026-01-01 07:17:45.715470084,CUST_01855,3314.89,upi,mastercard,electronics,mobile_android,SG,True,0
TXN_000213,2026-01-01 07:21:30.219795618,CUST_00183,1463.6,upi,visa,fashion,mobile_android,US,True,0
TXN_000214,2026-01-01 07:22:49.348377672,CUST_01865,2361.05,upi,mastercard,groceries,desktop_windows,IN,True,0
TXN_000215,2026-01-01 07:23:26.689781654,CUST_00034,1152.61,upi,rupay,groceries,mobile_android,US,True,0
TXN_000216,2026-01-01 07:24:31.559347418,CUST_01391,837.82,upi,rupay,digital_goods,mobile_ios,AE,True,0
TXN_000217,2026-01-01 07:24:36.274900152,CUST_00258,1646.61,wallet,visa,gaming,mobile_android,US,True,0
TXN_000218,2026-01-01 07:25:15.826377798,CUST_01250,620.9,card,rupay,groceries,mobile_android,SG,True,0
TXN_000219,2026-01-01 07:25:21.400951764,CUST_02794,1116.77,upi,mastercard,groceries,mobile_android,GB,True,0
TXN_000220,2026-01-01 07:26:56.229646100,CUST_00040,3936.94,upi,visa,electronics,mobile_android,IN,True,0
TXN_000221,2026-01-01 07:32:37.027123866,CUST_01670,633.5,netbanking,rupay,electronics,mobile_android,SG,True,0
TXN_000222,2026-01-01 07:33:47.887943274,CUST_01595,2134.23,wallet,visa,digital_goods,mobile_android,SG,True,0
TXN_000223,2026-01-01 07:36:50.354930285,CUST_02040,2332.43,upi,mastercard,digital_goods,unknown,US,True,0
TXN_000224,2026-01-01 07:39:21.821151305,CUST_03709,1240.64,card,rupay,fashion,mobile_android,IN,False,0
TXN_000225,2026-01-01 07:41:27.631977130,CUST_00699,913.06,wallet,visa,groceries,mobile_ios,SG,True,0
TXN_000226,2026-01-01 07:45:21.322344368,CUST_00041,3173.76,netbanking,mastercard,gaming,mobile_ios,US,True,0
TXN_000227,2026-01-01 07:47:11.147735671,CUST_01667,1664.16,card,visa,fashion,mobile_android,IN,True,0
TXN_000228,2026-01-01 07:49:17.938539541,CUST_00931,2039.6,upi,visa,fashion,mobile_ios,GB,True,0
TXN_000229,2026-01-01 07:50:12.014833666,CUST_02415,3907.22,upi,mastercard,electronics,mobile_android,US,True,0
TXN_000230,2026-01-01 07:53:08.607597087,CUST_02282,1679.98,upi,mastercard,electronics,desktop_windows,US,True,0
TXN_000231,2026-01-01 07:53:36.351178048,CUST_01889,384.27,netbanking,visa,electronics,mobile_android,US,True,0
TXN_000232,2026-01-01 07:56:18.898037644,CUST_00441,2278.72,upi,mastercard,electronics,mobile_ios,IN,True,0
TXN_000233,2026-01-01 08:04:38.857204549,CUST_00674,459.0,upi,visa,electronics,unknown,US,True,0
TXN_000234,2026-01-01 08:05:18.082051081,CUST_03234,2042.67,card,visa,electronics,mobile_android,SG,True,0
TXN_000235,2026-01-01 08:08:14.274106611,CUST_00549,3710.62,wallet,mastercard,fashion,mobile_android,IN,True,0
TXN_000236,2026-01-01 08:11:17.479786838,CUST_01108,978.01,upi,visa,gaming,mobile_android,IN,True,0
TXN_000237,2026-01-01 08:11:27.202977539,CUST_01596,2428.34,upi,visa,fashion,mobile_android,IN,True,0
TXN_000238,2026-01-01 08:13:52.876863530,CUST_00030,2017.23,upi,mastercard,groceries,mobile_android,IN,True,0
TXN_000239,2026-01-01 08:15:26.107931797,CUST_02122,2245.73,netbanking,amex,gaming,mobile_android,US,True,0
TXN_000240,2026-01-01 08:16:48.471732034,CUST_00002,310.67,upi,mastercard,electronics,mobile_android,SG,True,0
TXN_000241,2026-01-01 08:21:19.509592020,CUST_03829,1788.07,upi,visa,digital_goods,desktop_windows,US,True,0
TXN_000242,2026-01-01 08:22:09.639985811,CUST_01028,2455.87,netbanking,visa,groceries,mobile_ios,GB,True,0
TXN_000243,2026-01-01 08:30:30.446726165,CUST_00064,2835.33,upi,mastercard,digital_goods,mobile_android,GB,True,0
TXN_000244,2026-01-01 08:32:03.008254307,CUST_02221,2976.63,card,mastercard,fashion,mobile_ios,AE,True,0
TXN_000245,2026-01-01 08:32:13.414659586,CUST_02656,1285.15,upi,mastercard,electronics,mobile_ios,GB,False,0
TXN_000246,2026-01-01 08:32:25.815576971,CUST_00099,1276.35,card,unknown,groceries,desktop_windows,US,True,0
TXN_000247,2026-01-01 08:36:09.941965223,CUST_00005,411.16,upi,rupay,digital_goods,unknown,IN,True,0
TXN_000248,2026-01-01 08:39:18.745232415,CUST_00849,1713.32,upi,visa,travel,mobile_android,SG,True,0
TXN_000249,2026-01-01 08:41:55.066277426,CUST_01367,320.96,upi,mastercard,digital_goods,mobile_android,IN,True,0
TXN_000250,2026-01-01 08:42:06.922295337,CUST_00064,3462.11,upi,visa,digital_goods,mobile_ios,US,True,0
TXN_000251,2026-01-01 08:44:18.161799894,CUST_00999,2278.65,upi,mastercard,gaming,mobile_android,IN,True,0
TXN_000252,2026-01-01 08:56:16.525623712,CUST_00856,1574.85,upi,visa,travel,mobile_android,IN,False,0
TXN_000253,2026-01-01 08:59:23.103629807,CUST_02804,943.67,netbanking,visa,gaming,mobile_ios,IN,True,0
TXN_000254,2026-01-01 09:00:00.450074154,CUST_02444,3416.79,upi,visa,digital_goods,mobile_android,SG,True,1
TXN_000255,2026-01-01 09:03:14.912810369,CUST_00039,1310.49,wallet,mastercard,fashion,mobile_android,IN,True,0
TXN_000256,2026-01-01 09:03:24.173358069,CUST_01731,1598.03,netbanking,visa,electronics,mobile_android,IN,True,0
TXN_000257,2026-01-01 09:04:11.683009945,CUST_00769,551.09,upi,mastercard,groceries,mobile_ios,IN,True,0
TXN_000258,2026-01-01 09:09:21.667005518,CUST_00643,9752.3,upi,mastercard,digital_goods,desktop_mac,GB,True,0
TXN_000259,2026-01-01 09:12:42.874398822,CUST_00060,5609.59,wallet,visa,digital_goods,mobile_ios,IN,True,0
TXN_000260,2026-01-01 09:15:58.145583963,CUST_01980,3060.25,card,rupay,fashion,desktop_windows,IN,True,0
TXN_000261,2026-01-01 09:18:15.424398060,CUST_02841,1387.82,upi,rupay,electronics,mobile_android,IN,True,0
TXN_000262,2026-01-01 09:22:39.031162961,CUST_00099,2571.21,upi,rupay,digital_goods,mobile_android,IN,True,0
TXN_000263,2026-01-01 09:23:23.686498871,CUST_00003,2832.12,netbanking,visa,fashion,mobile_android,AE,True,0
TXN_000264,2026-01-01 09:29:22.779563678,CUST_01212,1064.53,card,rupay,gaming,mobile_android,US,True,0
TXN_000265,2026-01-01 09:32:44.640151735,CUST_03821,4710.41,upi,visa,electronics,desktop_mac,US,True,0
TXN_000266,2026-01-01 09:32:56.130667724,CUST_01570,594.81,upi,visa,fashion,desktop_mac,IN,True,0
TXN_000267,2026-01-01 09:36:34.143121334,CUST_00157,2915.52,card,mastercard,travel,mobile_ios,IN,False,0
TXN_000268,2026-01-01 09:38:22.883507621,CUST_02876,410.25,netbanking,mastercard,travel,mobile_android,IN,False,0
TXN_000269,2026-01-01 09:40:09.303636347,CUST_00902,2867.1,upi,visa,electronics,mobile_ios,IN,True,0
TXN_000270,2026-01-01 09:43:50.755344121,CUST_00794,1688.27,upi,rupay,gaming,mobile_ios,IN,True,0
TXN_000271,2026-01-01 09:44:48.549179226,CUST_00008,636.6,upi,mastercard,groceries,mobile_android,AE,True,0
TXN_000272,2026-01-01 09:44:58.838573193,CUST_00009,1514.73,card,visa,digital_goods,mobile_android,US,True,0
TXN_000273,2026-01-01 09:52:00.027209648,CUST_01075,713.93,upi,visa,travel,mobile_android,US,True,0
TXN_000274,2026-01-01 09:59:01.193942320,CUST_02378,1546.78,upi,visa,groceries,mobile_ios,AE,True,0
TXN_000275,2026-01-01 10:02:15.288240642,CUST_02015,7833.49,upi,rupay,groceries,mobile_ios,SG,True,0
TXN_000276,2026-01-01 10:05:35.941977683,CUST_03449,667.31,card,visa,travel,mobile_android,US,True,0
TXN_000277,2026-01-01 10:09:06.120309091,CUST_00768,1279.43,upi,mastercard,digital_goods,mobile_android,GB,True,0
TXN_000278,2026-01-01 10:19:46.453751071,CUST_01268,3019.56,wallet,amex,fashion,mobile_ios,AE,True,0
TXN_000279,2026-01-01 10:19:58.165465254,CUST_01299,1444.43,upi,rupay,fashion,mobile_ios,SG,True,0
TXN_000280,2026-01-01 10:20:04.876680514,CUST_00399,3767.48,netbanking,mastercard,digital_goods,mobile_ios,US,True,0
TXN_000281,2026-01-01 10:20:46.271036487,CUST_00001,2377.09,upi,mastercard,gaming,mobile_android,US,True,0
TXN_000282,2026-01-01 10:22:43.701577768,CUST_02614,1246.71,netbanking,visa,digital_goods,mobile_android,SG,True,0
TXN_000283,2026-01-01 10:25:50.629288559,CUST_00011,1975.05,upi,rupay,groceries,mobile_android,SG,True,0
TXN_000284,2026-01-01 10:27:26.263410763,CUST_03616,2063.26,upi,mastercard,groceries,mobile_android,GB,True,0
TXN_000285,2026-01-01 10:29:51.677533896,CUST_02651,921.01,upi,visa,electronics,desktop_windows,AE,True,0
TXN_000286,2026-01-01 10:31:09.425191983,CUST_00024,2115.39,upi,visa,groceries,desktop_mac,IN,False,0
TXN_000287,2026-01-01 10:32:32.978369933,CUST_00033,1246.79,upi,mastercard,groceries,mobile_ios,AE,True,0
TXN_000288,2026-01-01 10:33:32.731698322,CUST_01914,279.56,upi,mastercard,fashion,mobile_android,GB,True,0
TXN_000289,2026-01-01 10:35:33.866688184,CUST_00925,1421.1,card,rupay,fashion,mobile_ios,IN,True,0
TXN_000290,2026-01-01 10:35:51.187529311,CUST_01410,3390.29,card,rupay,gaming,desktop_windows,AE,True,0
TXN_000291,2026-01-01 10:36:02.147883244,CUST_00214,1133.58,upi,mastercard,digital_goods,mobile_android,SG,True,0
TXN_000292,2026-01-01 10:37:32.331972468,CUST_02964,901.42,card,unknown,digital_goods,mobile_android,IN,True,0
TXN_000293,2026-01-01 10:38:29.186909489,CUST_00922,934.23,upi,visa,gaming,mobile_android,IN,True,0
TXN_000294,2026-01-01 10:39:26.573403017,CUST_01015,601.46,card,visa,gaming,mobile_android,IN,True,0
TXN_000295,2026-01-01 10:44:27.874450057,CUST_03910,661.21,upi,visa,electronics,mobile_ios,SG,True,0
TXN_000296,2026-01-01 10:56:25.911345714,CUST_02136,1646.5,upi,visa,travel,desktop_mac,SG,True,0
TXN_000297,2026-01-01 10:58:30.825390855,CUST_01626,3926.55,card,mastercard,groceries,mobile_ios,IN,True,0
TXN_000298,2026-01-01 10:58:53.398151219,CUST_02828,8339.42,upi,rupay,gaming,desktop_windows,IN,True,0
TXN_000299,2026-01-01 11:02:12.618307174,CUST_03913,1365.1,upi,mastercard,electronics,mobile_android,IN,True,0
TXN_000300,2026-01-01 11:03:59.121329667,CUST_02420,336.93,wallet,visa,fashion,mobile_android,IN,True,0
TXN_000301,2026-01-01 11:07:03.887678194,CUST_02376,404.26,upi,unknown,fashion,mobile_ios,US,True,0
TXN_000302,2026-01-01 11:09:14.628821675,CUST_00085,342.98,card,mastercard,gaming,mobile_ios,AE,False,0
TXN_000303,2026-01-01 11:09:29.833564299,CUST_02881,892.86,card,visa,groceries,mobile_ios,IN,True,0
TXN_000304,2026-01-01 11:11:47.762965681,CUST_02944,980.39,upi,mastercard,groceries,mobile_ios,GB,True,0
TXN_000305,2026-01-01 11:14:02.215864676,CUST_01155,2972.55,upi,visa,digital_goods,mobile_android,GB,True,0
TXN_000306,2026-01-01 11:21:53.480808086,CUST_01418,4045.59,card,mastercard,fashion,mobile_android,AE,False,0
TXN_000307,2026-01-01 11:27:04.859479637,CUST_01283,286.7,card,visa,fashion,mobile_android,GB,True,0
TXN_000308,2026-01-01 11:36:30.355600132,CUST_00930,2153.78,wallet,mastercard,fashion,mobile_android,SG,True,0
TXN_000309,2026-01-01 11:42:41.348085974,CUST_00078,1802.29,upi,mastercard,digital_goods,mobile_ios,IN,True,0
TXN_000310,2026-01-01 11:42:57.249602786,CUST_01456,2230.52,card,rupay,electronics,desktop_windows,IN,True,0
TXN_000311,2026-01-01 11:43:05.840142358,CUST_00397,2492.95,upi,visa,groceries,mobile_android,AE,True,0
TXN_000312,2026-01-01 11:47:37.570313103,CUST_00896,3888.73,upi,visa,digital_goods,mobile_android,US,False,0
TXN_000313,2026-01-01 11:50:55.502853958,CUST_03108,1579.62,upi,visa,electronics,mobile_ios,IN,True,0
TXN_000314,2026-01-01 11:51:08.091876344,CUST_00026,1205.94,wallet,rupay,electronics,mobile_ios,AE,True,0
TXN_000315,2026-01-01 11:51:26.636353428,CUST_03582,8898.23,card,amex,groceries,mobile_android,IN,True,0
TXN_000316,2026-01-01 11:54:11.065092558,CUST_01027,134.29,card,mastercard,travel,desktop_windows,IN,True,0
TXN_000317,2026-01-01 11:55:28.400543282,CUST_03531,6471.51,netbanking,visa,electronics,mobile_android,IN,True,0
TXN_000318,2026-01-01 11:58:25.347385852,CUST_00094,2136.92,upi,mastercard,digital_goods,desktop_mac,AE,True,0
TXN_000319,2026-01-01 11:59:21.096181807,CUST_00007,2042.34,card,visa,groceries,mobile_android,US,True,0
TXN_000320,2026-01-01 11:59:58.510839081,CUST_01269,2525.23,upi,mastercard,electronics,desktop_windows,IN,True,0
TXN_000321,2026-01-01 12:07:03.949828502,CUST_00858,2471.73,upi,amex,digital_goods,mobile_android,SG,True,0
TXN_000322,2026-01-01 12:07:55.525604367,CUST_01900,291.39,card,visa,fashion,mobile_android,IN,True,0
TXN_000323,2026-01-01 12:13:07.202894374,CUST_01176,275.38,upi,visa,groceries,mobile_ios,US,True,0
TXN_000324,2026-01-01 12:13:57.553525657,CUST_00811,1878.25,netbanking,visa,fashion,mobile_android,GB,True,0
TXN_000325,2026-01-01 12:13:57.980127087,CUST_03120,335.99,upi,rupay,groceries,mobile_android,SG,True,0
TXN_000326,2026-01-01 12:13:59.686652499,CUST_00275,6091.07,upi,mastercard,fashion,desktop_windows,IN,True,0
TXN_000327,2026-01-01 12:15:31.328872995,CUST_00185,1846.69,upi,mastercard,digital_goods,desktop_mac,IN,True,0
TXN_000328,2026-01-01 12:18:07.862904111,CUST_02359,4003.99,upi,mastercard,groceries,mobile_ios,IN,True,0
TXN_000329,2026-01-01 12:18:21.483479610,CUST_00333,876.14,card,visa,travel,mobile_android,IN,True,0
TXN_000330,2026-01-01 12:19:23.366104679,CUST_01005,1850.13,card,mastercard,fashion,mobile_android,IN,True,0
TXN_000331,2026-01-01 12:20:36.006556024,CUST_01235,598.09,upi,amex,fashion,mobile_ios,GB,True,0
TXN_000332,2026-01-01 12:21:47.440692651,CUST_00222,3169.66,upi,visa,fashion,desktop_windows,IN,True,0
TXN_000333,2026-01-01 12:25:11.021638505,CUST_00342,4156.2,card,mastercard,groceries,mobile_android,IN,True,0
TXN_000334,2026-01-01 12:26:14.751966423,CUST_00005,295.46,upi,rupay,travel,mobile_ios,AE,True,0
TXN_000335,2026-01-01 12:28:09.332622997,CUST_00197,3157.23,card,visa,digital_goods,mobile_ios,IN,True,0
TXN_000336,2026-01-01 12:29:54.392214950,CUST_00280,2077.37,upi,visa,electronics,mobile_android,IN,True,0
TXN_000337,2026-01-01 12:30:57.604641919,CUST_00002,971.13,upi,mastercard,groceries,mobile_android,IN,True,0
TXN_000338,2026-01-01 12:31:15.018267675,CUST_02497,1950.88,card,visa,groceries,mobile_ios,GB,True,0
TXN_000339,2026-01-01 12:32:00.068071153,CUST_02978,1353.07,upi,mastercard,groceries,mobile_android,IN,True,0
TXN_000340,2026-01-01 12:32:00.541539728,CUST_00072,845.15,card,mastercard,digital_goods,mobile_ios,AE,True,0
TXN_000341,2026-01-01 12:33:16.139979263,CUST_01194,4366.37,upi,visa,fashion,mobile_android,IN,True,0
TXN_000342,2026-01-01 12:35:44.918769455,CUST_00567,1873.94,upi,mastercard,electronics,mobile_android,IN,True,0
TXN_000343,2026-01-01 12:37:49.757276912,CUST_00036,6000.6,card,mastercard,fashion,mobile_ios,SG,True,0
TXN_000344,2026-01-01 12:42:22.325072113,CUST_00003,952.31,card,mastercard,groceries,mobile_android,IN,True,0
TXN_000345,2026-01-01 12:44:09.451170335,CUST_01487,1267.39,card,mastercard,gaming,mobile_android,AE,True,0
TXN_000346,2026-01-01 12:44:47.206264789,CUST_00015,3154.35,upi,mastercard,fashion,mobile_android,AE,True,0
TXN_000347,2026-01-01 12:45:21.424198487,CUST_03024,961.76,upi,mastercard,gaming,mobile_ios,IN,True,0
TXN_000348,2026-01-01 12:48:11.131003482,CUST_02259,5687.08,upi,mastercard,travel,mobile_android,IN,True,0
TXN_000349,2026-01-01 12:48:26.442560041,CUST_01835,3475.85,card,visa,electronics,mobile_android,IN,True,0
TXN_000350,2026-01-01 12:48:40.195396829,CUST_02643,889.88,upi,visa,gaming,desktop_windows,IN,True,0
TXN_000351,2026-01-01 12:55:35.141264284,CUST_00025,839.98,card,mastercard,digital_goods,mobile_android,AE,False,0
TXN_000352,2026-01-01 12:57:02.768427149,CUST_01298,867.71,upi,rupay,digital_goods,mobile_android,IN,True,0
TXN_000353,2026-01-01 12:58:25.565053988,CUST_00100,364.65,upi,visa,gaming,desktop_windows,IN,True,0
TXN_000354,2026-01-01 13:00:37.390768761,CUST_00831,2564.29,card,visa,groceries,desktop_windows,IN,True,0
TXN_000355,2026-01-01 13:05:39.165276008,CUST_00348,4850.65,card,visa,electronics,mobile_android,SG,True,0
TXN_000356,2026-01-01 13:09:33.931200681,CUST_00033,1018.82,upi,rupay,gaming,mobile_ios,IN,True,0
TXN_000357,2026-01-01 13:11:00.721529675,CUST_01898,15901.65,upi,mastercard,fashion,mobile_android,IN,False,1
TXN_000358,2026-01-01 13:13:53.149092856,CUST_00235,1068.65,card,visa,gaming,mobile_android,IN,True,0
TXN_000359,2026-01-01 13:15:21.075011287,CUST_00034,785.41,card,visa,groceries,mobile_ios,SG,True,0
TXN_000360,2026-01-01 13:20:14.430295036,CUST_02930,1417.26,upi,visa,groceries,mobile_android,AE,True,0
TXN_000361,2026-01-01 13:22:39.904491927,CUST_00040,4046.33,netbanking,mastercard,digital_goods,mobile_ios,AE,False,0
TXN_000362,2026-01-01 13:24:40.184261815,CUST_00099,2431.15,wallet,mastercard,electronics,desktop_windows,SG,True,0
TXN_000363,2026-01-01 13:26:46.005666735,CUST_00002,413.29,upi,unknown,gaming,desktop_mac,SG,True,0
TXN_000364,2026-01-01 13:27:03.441055614,CUST_00827,1676.93,upi,visa,fashion,mobile_android,SG,True,0
TXN_000365,2026-01-01 13:32:05.290634378,CUST_02513,17447.28,netbanking,rupay,fashion,mobile_android,AE,False,1
TXN_000366,2026-01-01 13:38:39.254507993,CUST_02708,55.69,upi,rupay,electronics,mobile_ios,IN,True,0
TXN_000367,2026-01-01 13:39:05.429121876,CUST_01956,868.19,card,amex,fashion,mobile_android,IN,True,0
TXN_000368,2026-01-01 13:39:12.195404272,CUST_00660,1540.97,card,mastercard,groceries,mobile_android,IN,True,0
TXN_000369,2026-01-01 13:40:22.882822648,CUST_03011,15412.33,card,visa,groceries,mobile_android,GB,True,0
TXN_000370,2026-01-01 13:41:26.042614113,CUST_02107,6772.74,upi,rupay,fashion,mobile_android,SG,True,0
TXN_000371,2026-01-01 13:43:26.153712463,CUST_03009,1670.42,upi,visa,electronics,mobile_ios,IN,True,0
TXN_000372,2026-01-01 13:43:53.619493938,CUST_00139,14150.43,upi,rupay,travel,mobile_android,AE,True,0
TXN_000373,2026-01-01 13:44:45.345309380,CUST_01175,1730.22,upi,mastercard,digital_goods,mobile_ios,IN,True,0
TXN_000374,2026-01-01 13:46:16.414706405,CUST_00002,869.57,upi,visa,digital_goods,desktop_windows,IN,True,0
TXN_000375,2026-01-01 13:46:29.712769091,CUST_00838,4054.26,card,visa,electronics,mobile_android,IN,True,0
TXN_000376,2026-01-01 13:46:56.086174481,CUST_02909,660.53,upi,mastercard,electronics,mobile_ios,IN,False,0
TXN_000377,2026-01-01 13:49:58.360982399,CUST_01922,4758.71,card,mastercard,travel,mobile_android,IN,True,0
TXN_000378,2026-01-01 13:50:13.585013917,CUST_02167,16983.24,upi,amex,groceries,desktop_mac,IN,True,0
TXN_000379,2026-01-01 13:56:53.328915296,CUST_00263,2185.08,upi,mastercard,travel,mobile_android,IN,True,0
TXN_000380,2026-01-01 13:59:15.706421097,CUST_00444,8011.74,upi,rupay,gaming,mobile_android,SG,True,0
TXN_000381,2026-01-01 14:03:34.310676172,CUST_03868,6916.46,upi,mastercard,gaming,mobile_android,IN,True,0
TXN_000382,2026-01-01 14:03:59.243309554,CUST_00178,2651.32,card,mastercard,electronics,mobile_android,IN,True,0
TXN_000383,2026-01-01 14:04:52.150697604,CUST_00017,1667.81,upi,mastercard,digital_goods,mobile_android,AE,True,0
TXN_000384,2026-01-01 14:08:29.474386614,CUST_00421,1804.44,card,visa,fashion,mobile_android,IN,True,0
TXN_000385,2026-01-01 14:09:47.408596371,CUST_02107,5251.62,netbanking,rupay,fashion,desktop_windows,IN,False,0
TXN_000386,2026-01-01 14:18:32.402026406,CUST_00846,3388.3,upi,rupay,groceries,mobile_android,IN,True,0
TXN_000387,2026-01-01 14:21:25.105356654,CUST_00005,50.0,upi,visa,electronics,mobile_android,AE,True,0
TXN_000388,2026-01-01 14:31:08.316514079,CUST_01493,872.62,upi,visa,digital_goods,mobile_android,IN,True,0
TXN_000389,2026-01-01 14:31:44.257417639,CUST_01904,1647.73,card,visa,groceries,mobile_android,SG,True,0
TXN_000390,2026-01-01 14:37:39.071329748,CUST_01182,3520.97,upi,visa,groceries,mobile_android,IN,True,0
TXN_000391,2026-01-01 14:37:59.213972022,CUST_00067,1594.45,wallet,mastercard,gaming,mobile_android,IN,True,0
TXN_000392,2026-01-01 14:41:52.617629999,CUST_00085,610.41,upi,visa,groceries,mobile_android,AE,True,0
TXN_000393,2026-01-01 14:43:44.647769628,CUST_00469,2669.01,netbanking,visa,gaming,mobile_android,IN,True,0
TXN_000394,2026-01-01 14:43:48.136813493,CUST_00348,13734.97,card,mastercard,electronics,mobile_android,SG,True,1
TXN_000395,2026-01-01 14:43:50.113715564,CUST_00023,6953.49,upi,rupay,electronics,mobile_ios,IN,True,0
TXN_000396,2026-01-01 14:46:32.722447780,CUST_02770,3815.56,card,visa,fashion,mobile_android,GB,True,0
TXN_000397,2026-01-01 14:47:03.576355869,CUST_03308,1559.84,upi,visa,electronics,desktop_mac,IN,True,0
TXN_000398,2026-01-01 14:47:30.094806022,CUST_00046,463.24,upi,visa,electronics,mobile_android,AE,True,0
TXN_000399,2026-01-01 14:53:42.258955622,CUST_01002,633.73,card,visa,fashion,mobile_android,IN,True,0
TXN_000400,2026-01-01 14:54:02.118110328,CUST_00531,1106.35,card,mastercard,digital_goods,mobile_android,GB,True,0
TXN_000401,2026-01-01 14:55:13.213080787,CUST_00473,1319.41,upi,visa,groceries,unknown,SG,True,0
TXN_000402,2026-01-01 14:55:58.989838826,CUST_01080,5381.32,netbanking,visa,groceries,mobile_android,SG,True,0
TXN_000403,2026-01-01 14:59:32.278471079,CUST_00607,2433.04,card,rupay,gaming,mobile_android,GB,True,0
TXN_000404,2026-01-01 15:04:00.012954905,CUST_00596,991.33,card,rupay,gaming,mobile_ios,AE,True,0
TXN_000405,2026-01-01 15:05:14.619680828,CUST_00046,2559.6,card,visa,fashion,mobile_android,IN,True,0
TXN_000406,2026-01-01 15:08:10.932532737,CUST_01753,1633.43,upi,rupay,electronics,desktop_windows,IN,True,0
TXN_000407,2026-01-01 15:08:37.975138706,CUST_01078,7351.79,upi,visa,digital_goods,mobile_ios,IN,False,0
TXN_000408,2026-01-01 15:13:48.337714033,CUST_00008,1654.9,card,visa,fashion,desktop_windows,IN,True,0
TXN_000409,2026-01-01 15:13:55.370988873,CUST_00388,4298.77,card,visa,digital_goods,mobile_android,IN,True,0
TXN_000410,2026-01-01 15:17:51.017616960,CUST_00113,1189.89,netbanking,visa,gaming,mobile_android,IN,False,0
TXN_000411,2026-01-01 15:19:31.428230673,CUST_00423,924.64,upi,visa,digital_goods,mobile_android,GB,True,0
TXN_000412,2026-01-01 15:21:21.096671494,CUST_00031,3735.79,card,visa,groceries,mobile_android,IN,True,0
TXN_000413,2026-01-01 15:24:46.580463044,CUST_01219,520.63,upi,visa,gaming,mobile_ios,AE,True,0
TXN_000414,2026-01-01 15:25:23.817771241,CUST_01085,1297.52,upi,mastercard,gaming,mobile_android,GB,True,0
TXN_000415,2026-01-01 15:27:34.912432705,CUST_01136,21203.43,upi,rupay,digital_goods,mobile_ios,IN,False,1
TXN_000416,2026-01-01 15:29:10.320068539,CUST_00366,9482.72,wallet,unknown,groceries,mobile_android,IN,True,0
TXN_000417,2026-01-01 15:31:12.500777080,CUST_01821,224.45,card,mastercard,groceries,mobile_ios,GB,True,0
TXN_000418,2026-01-01 15:32:18.307621033,CUST_02642,3036.52,upi,visa,electronics,mobile_android,IN,True,0
TXN_000419,2026-01-01 15:32:32.260911055,CUST_00493,1626.48,netbanking,rupay,fashion,mobile_android,AE,True,0
TXN_000420,2026-01-01 15:37:19.191171017,CUST_00541,490.33,upi,mastercard,travel,mobile_android,IN,True,0
TXN_000421,2026-01-01 15:39:10.819393140,CUST_03085,1566.68,upi,visa,groceries,mobile_android,US,True,0
TXN_000422,2026-01-01 15:40:10.915854902,CUST_01193,1832.88,upi,visa,digital_goods,unknown,IN,True,0
TXN_000423,2026-01-01 15:42:54.738660607,CUST_00793,2400.21,upi,visa,groceries,mobile_android,IN,True,0
TXN_000424,2026-01-01 15:43:24.103840350,CUST_01914,212.42,upi,visa,electronics,mobile_android,IN,True,0
TXN_000425,2026-01-01 15:49:44.691208742,CUST_00250,599.21,wallet,amex,fashion,mobile_ios,AE,True,0
TXN_000426,2026-01-01 15:49:58.307527385,CUST_00004,2966.75,upi,mastercard,fashion,mobile_android,US,True,0
TXN_000427,2026-01-01 15:51:45.894362833,CUST_01701,224.34,upi,visa,groceries,desktop_windows,IN,True,0
TXN_000428,2026-01-01 15:58:20.394144690,CUST_01395,372.11,upi,mastercard,groceries,mobile_android,GB,True,0
TXN_000429,2026-01-01 16:04:58.475540148,CUST_00528,1847.12,upi,visa,groceries,mobile_ios,US,True,0
TXN_000430,2026-01-01 16:05:36.332059905,CUST_00006,271.76,upi,amex,digital_goods,mobile_ios,GB,True,0
TXN_000431,2026-01-01 16:05:44.249906849,CUST_03443,2030.44,card,mastercard,fashion,mobile_android,IN,True,0
TXN_000432,2026-01-01 16:06:54.721173282,CUST_01874,403.12,upi,mastercard,digital_goods,mobile_android,US,False,0
TXN_000433,2026-01-01 16:07:21.540886387,CUST_00412,256.22,wallet,mastercard,electronics,desktop_windows,US,True,0
TXN_000434,2026-01-01 16:08:40.364361967,CUST_00095,512.92,upi,mastercard,fashion,mobile_android,AE,True,0
TXN_000435,2026-01-01 16:09:10.337098793,CUST_00972,814.72,upi,mastercard,groceries,mobile_ios,IN,True,0
TXN_000436,2026-01-01 16:09:14.761396405,CUST_00002,706.81,wallet,visa,groceries,mobile_ios,IN,True,0
TXN_000437,2026-01-01 16:09:53.116907275,CUST_00614,3247.38,upi,mastercard,fashion,mobile_ios,IN,True,0
TXN_000438,2026-01-01 16:16:45.346688104,CUST_03889,1294.04,upi,amex,gaming,mobile_ios,SG,True,0
TXN_000439,2026-01-01 16:17:02.530863520,CUST_01927,1133.32,upi,visa,gaming,mobile_android,US,True,0
TXN_000440,2026-01-01 16:17:45.394078923,CUST_03856,462.02,card,visa,electronics,mobile_android,SG,True,0
TXN_000441,2026-01-01 16:18:55.389195745,CUST_00439,1401.2,upi,rupay,groceries,mobile_android,IN,True,0
TXN_000442,2026-01-01 16:21:43.105073385,CUST_00017,936.28,card,mastercard,fashion,mobile_ios,US,True,0
TXN_000443,2026-01-01 16:25:43.498181907,CUST_03670,2955.93,netbanking,visa,gaming,mobile_android,IN,True,0
TXN_000444,2026-01-01 16:27:33.979898292,CUST_02817,951.53,card,visa,travel,desktop_windows,IN,True,0
TXN_000445,2026-01-01 16:34:04.702323023,CUST_01003,1531.22,upi,mastercard,electronics,mobile_ios,AE,True,0
TXN_000446,2026-01-01 16:34:34.801835945,CUST_00127,6885.57,upi,visa,fashion,mobile_android,IN,True,0
TXN_000447,2026-01-01 16:38:59.193586674,CUST_01924,7082.67,card,visa,fashion,mobile_android,IN,True,0
TXN_000448,2026-01-01 16:40:18.971941765,CUST_00002,503.49,card,rupay,groceries,desktop_windows,IN,True,0
TXN_000449,2026-01-01 16:43:13.492505888,CUST_03220,2800.65,upi,mastercard,groceries,mobile_android,GB,True,0
TXN_000450,2026-01-01 16:43:29.848012548,CUST_01674,1829.01,upi,visa,groceries,mobile_android,GB,True,0
TXN_000451,2026-01-01 16:45:15.282087799,CUST_00071,890.78,upi,visa,electronics,mobile_ios,US,True,0
TXN_000452,2026-01-01 16:47:33.488484083,CUST_00061,441.53,upi,visa,groceries,mobile_android,US,False,0
TXN_000453,2026-01-01 16:50:50.583679413,CUST_00008,1504.34,netbanking,visa,fashion,mobile_ios,IN,True,0
TXN_000454,2026-01-01 17:02:29.144804391,CUST_02129,1735.72,wallet,visa,digital_goods,mobile_ios,GB,True,0
TXN_000455,2026-01-01 17:08:13.659443488,CUST_00036,4586.37,card,visa,fashion,mobile_android,IN,True,0
TXN_000456,2026-01-01 17:09:35.591740736,CUST_00832,8872.56,netbanking,visa,digital_goods,mobile_ios,AE,True,0
TXN_000457,2026-01-01 17:10:28.598327868,CUST_00348,4658.28,netbanking,visa,gaming,mobile_ios,IN,True,0
TXN_000458,2026-01-01 17:11:33.046403527,CUST_00947,2730.78,upi,visa,travel,mobile_android,US,True,0
TXN_000459,2026-01-01 17:19:22.823987763,CUST_01660,1862.34,upi,visa,fashion,mobile_ios,US,True,0
TXN_000460,2026-01-01 17:19:53.543069737,CUST_00104,2926.46,upi,amex,digital_goods,mobile_android,IN,True,0
TXN_000461,2026-01-01 17:28:45.883420620,CUST_00094,1708.73,upi,visa,fashion,mobile_ios,US,True,0
TXN_000462,2026-01-01 17:31:41.728516863,CUST_00303,2244.47,upi,visa,digital_goods,mobile_ios,IN,True,0
TXN_000463,2026-01-01 17:32:40.741059821,CUST_03400,1376.18,upi,visa,digital_goods,mobile_android,US,False,0
TXN_000464,2026-01-01 17:37:22.815156601,CUST_00573,3743.78,upi,visa,electronics,mobile_android,GB,True,0
TXN_000465,2026-01-01 17:38:12.375780133,CUST_00163,11768.62,upi,amex,electronics,mobile_android,AE,True,0
TXN_000466,2026-01-01 17:41:00.929898446,CUST_00830,208.16,card,mastercard,travel,mobile_android,US,True,0
TXN_000467,2026-01-01 17:42:15.065091881,CUST_00075,1368.25,netbanking,amex,electronics,mobile_ios,IN,True,0
TXN_000468,2026-01-01 17:43:51.441394032,CUST_02094,3634.84,upi,visa,groceries,desktop_mac,IN,True,0
TXN_000469,2026-01-01 17:46:55.484827060,CUST_00267,1438.95,card,mastercard,electronics,mobile_ios,IN,True,0
TXN_000470,2026-01-01 17:49:14.352349221,CUST_03834,701.77,upi,visa,groceries,mobile_android,GB,True,0
TXN_000471,2026-01-01 17:49:17.046184491,CUST_01313,868.15,card,mastercard,travel,desktop_mac,IN,True,0
TXN_000472,2026-01-01 17:50:21.048136030,CUST_01223,2382.68,upi,mastercard,travel,mobile_android,IN,True,0
TXN_000473,2026-01-01 17:51:49.057499858,CUST_00215,897.19,card,visa,digital_goods,mobile_android,IN,False,0
TXN_000474,2026-01-01 17:52:15.921953002,CUST_00073,888.5,upi,visa,electronics,mobile_android,IN,True,0
TXN_000475,2026-01-01 17:54:34.531057938,CUST_00014,7098.31,card,visa,electronics,mobile_android,AE,True,0
TXN_000476,2026-01-01 17:55:47.866920211,CUST_02742,2499.5,upi,visa,gaming,mobile_ios,AE,True,0
TXN_000477,2026-01-01 17:58:36.727807069,CUST_03805,3488.57,wallet,visa,gaming,desktop_mac,IN,True,0
TXN_000478,2026-01-01 17:58:37.513612702,CUST_00110,354.91,card,mastercard,fashion,mobile_ios,US,True,0
TXN_000479,2026-01-01 18:04:58.729067360,CUST_03937,2095.86,netbanking,visa,digital_goods,desktop_windows,IN,True,0
TXN_000480,2026-01-01 18:05:40.398211242,CUST_01244,1320.54,upi,visa,digital_goods,mobile_android,IN,True,0
TXN_000481,2026-01-01 18:06:48.443555174,CUST_02238,654.21,upi,visa,gaming,mobile_android,IN,True,0
TXN_000482,2026-01-01 18:08:00.938971129,CUST_03888,1763.32,upi,rupay,groceries,mobile_android,IN,True,0
TXN_000483,2026-01-01 18:08:41.531505522,CUST_03764,3074.6,upi,visa,groceries,mobile_android,IN,True,0
TXN_000484,2026-01-01 18:09:54.025694968,CUST_01026,6181.8,upi,mastercard,electronics,mobile_android,IN,False,1
TXN_000485,2026-01-01 18:11:11.946712295,CUST_00859,165.9,upi,mastercard,fashion,mobile_ios,GB,True,0
TXN_000486,2026-01-01 18:11:12.307992031,CUST_01553,1212.2,upi,visa,electronics,mobile_android,IN,True,0
TXN_000487,2026-01-01 18:12:09.950101794,CUST_00115,1626.99,upi,mastercard,groceries,mobile_ios,IN,True,0
TXN_000488,2026-01-01 18:12:15.046504309,CUST_00420,4736.69,upi,rupay,fashion,desktop_windows,IN,True,0
TXN_000489,2026-01-01 18:14:51.784156670,CUST_02529,18369.41,card,rupay,electronics,mobile_android,SG,True,1
TXN_000490,2026-01-01 18:17:11.934553026,CUST_00027,1706.47,netbanking,visa,electronics,mobile_android,IN,True,0
TXN_000491,2026-01-01 18:19:09.847136391,CUST_00620,4788.86,upi,visa,fashion,mobile_ios,AE,True,0
TXN_000492,2026-01-01 18:20:41.166973028,CUST_00260,600.29,upi,rupay,digital_goods,mobile_android,IN,True,0
TXN_000493,2026-01-01 18:22:23.693462830,CUST_01089,2553.84,card,visa,groceries,desktop_windows,SG,True,0
TXN_000494,2026-01-01 18:27:16.765403749,CUST_00083,1069.04,card,mastercard,gaming,desktop_windows,IN,True,0
TXN_000495,2026-01-01 18:27:47.313497970,CUST_03338,5173.29,netbanking,unknown,groceries,mobile_ios,IN,True,0
TXN_000496,2026-01-01 18:29:41.797242608,CUST_02273,2605.2,upi,visa,fashion,mobile_android,IN,True,0
TXN_000497,2026-01-01 18:38:33.782515400,CUST_00015,4645.29,netbanking,amex,fashion,mobile_ios,IN,True,0
TXN_000498,2026-01-01 18:39:51.713749845,CUST_00280,1821.44,upi,visa,travel,mobile_android,IN,True,0
TXN_000499,2026-01-01 18:40:23.811097521,CUST_00005,282.85,upi,visa,electronics,mobile_ios,AE,True,0
TXN_000500,2026-01-01 18:41:21.480998907,CUST_00034,1092.38,upi,visa,electronics,mobile_android,IN,True,0
TXN_000501,2026-01-01 18:42:26.966527487,CUST_00514,1054.49,wallet,mastercard,travel,mobile_android,AE,True,0
TXN_000502,2026-01-01 18:43:37.724069700,CUST_00287,2092.17,upi,visa,fashion,mobile_android,US,True,0
TXN_000503,2026-01-01 18:43:57.448780062,CUST_00834,825.89,card,mastercard,groceries,mobile_ios,GB,True,0
TXN_000504,2026-01-01 18:45:31.555854517,CUST_00216,4873.38,card,rupay,fashion,mobile_android,SG,True,0
TXN_000505,2026-01-01 18:47:54.301714041,CUST_00292,2157.39,netbanking,mastercard,groceries,mobile_android,SG,True,0
TXN_000506,2026-01-01 18:48:09.346476115,CUST_03606,3640.81,card,visa,travel,desktop_windows,IN,True,0
TXN_000507,2026-01-01 18:48:35.857178704,CUST_02893,1499.12,upi,visa,digital_goods,mobile_android,IN,True,0
TXN_000508,2026-01-01 18:49:34.411595212,CUST_00001,2084.57,card,rupay,groceries,mobile_android,SG,False,0
TXN_000509,2026-01-01 18:51:50.943270572,CUST_01180,1396.18,card,visa,groceries,mobile_android,GB,True,0
TXN_000510,2026-01-01 18:52:21.326541137,CUST_00045,3011.35,netbanking,visa,gaming,mobile_ios,IN,True,0
TXN_000511,2026-01-01 18:53:18.446323735,CUST_02257,3506.11,upi,visa,electronics,mobile_android,US,True,0
TXN_000512,2026-01-01 18:56:49.959098033,CUST_02592,10589.65,upi,visa,electronics,mobile_android,IN,True,0
TXN_000513,2026-01-01 19:02:51.547522547,CUST_01470,402.66,upi,visa,groceries,mobile_android,AE,True,0
TXN_000514,2026-01-01 19:03:38.061313355,CUST_01539,987.27,card,visa,groceries,mobile_android,AE,True,0
TXN_000515,2026-01-01 19:04:07.195405854,CUST_02709,1352.05,upi,mastercard,gaming,mobile_android,GB,True,0
TXN_000516,2026-01-01 19:04:59.783616799,CUST_00023,3311.75,upi,mastercard,electronics,mobile_ios,IN,True,0
TXN_000517,2026-01-01 19:07:13.468751311,CUST_01735,1434.85,upi,visa,digital_goods,mobile_android,AE,True,0
TXN_000518,2026-01-01 19:07:24.743230686,CUST_00032,1368.78,card,visa,electronics,mobile_android,GB,False,0
TXN_000519,2026-01-01 19:07:28.863806574,CUST_00005,219.79,card,rupay,gaming,mobile_android,GB,True,0
TXN_000520,2026-01-01 19:16:07.480984226,CUST_01357,1296.48,upi,mastercard,groceries,mobile_ios,IN,True,0
TXN_000521,2026-01-01 19:16:14.819676173,CUST_00185,3370.7,card,mastercard,electronics,mobile_android,IN,True,0
TXN_000522,2026-01-01 19:18:14.809250063,CUST_00006,82.59,upi,rupay,fashion,mobile_android,SG,True,0
TXN_000523,2026-01-01 19:22:21.757642092,CUST_00010,1064.67,upi,mastercard,electronics,mobile_android,IN,True,0
TXN_000524,2026-01-01 19:23:25.598723069,CUST_03806,263.52,upi,mastercard,travel,desktop_windows,IN,True,0
TXN_000525,2026-01-01 19:23:27.545857424,CUST_00119,5497.95,upi,visa,electronics,mobile_android,SG,True,1
TXN_000526,2026-01-01 19:25:57.636610943,CUST_00470,800.05,upi,visa,electronics,mobile_ios,IN,True,0
TXN_000527,2026-01-01 19:26:14.410542853,CUST_00177,6427.31,card,visa,travel,mobile_android,IN,True,0
TXN_000528,2026-01-01 19:26:36.591899482,CUST_03401,3554.34,upi,visa,fashion,mobile_android,GB,True,0
TXN_000529,2026-01-01 19:28:11.362272960,CUST_00013,2175.63,upi,mastercard,digital_goods,mobile_android,US,True,0
TXN_000530,2026-01-01 19:29:47.244948341,CUST_00923,2520.8,upi,visa,digital_goods,mobile_android,AE,True,0
TXN_000531,2026-01-01 19:36:37.936595262,CUST_00681,4103.47,card,mastercard,fashion,mobile_android,IN,True,0
TXN_000532,2026-01-01 19:36:46.220011449,CUST_01645,661.66,upi,visa,digital_goods,desktop_windows,IN,True,0
TXN_000533,2026-01-01 19:37:51.800036714,CUST_03084,1145.37,upi,rupay,electronics,mobile_android,IN,False,0
TXN_000534,2026-01-01 19:43:52.075948829,CUST_00001,1886.78,card,mastercard,electronics,mobile_ios,US,True,0
TXN_000535,2026-01-01 19:44:06.204673617,CUST_00002,645.86,wallet,mastercard,gaming,mobile_ios,IN,True,0
TXN_000536,2026-01-01 19:47:41.346002177,CUST_00392,1961.99,upi,rupay,groceries,mobile_android,GB,True,0
TXN_000537,2026-01-01 19:47:59.294406265,CUST_00453,8841.57,upi,visa,fashion,mobile_android,SG,True,0
TXN_000538,2026-01-01 19:49:19.837815015,CUST_03020,324.51,card,visa,fashion,mobile_android,IN,True,0
TXN_000539,2026-01-01 19:51:39.789368164,CUST_00196,565.31,upi,visa,groceries,mobile_android,US,True,0
TXN_000540,2026-01-01 19:52:14.513697624,CUST_02685,617.06,upi,mastercard,gaming,mobile_ios,SG,True,0
TXN_000541,2026-01-01 19:52:44.982404098,CUST_00018,110.61,card,visa,electronics,mobile_android,SG,True,0
TXN_000542,2026-01-01 19:54:20.773526948,CUST_00014,3839.39,upi,visa,digital_goods,mobile_ios,IN,True,0
TXN_000543,2026-01-01 19:55:05.053702700,CUST_01964,1124.77,upi,visa,gaming,mobile_ios,IN,True,0
TXN_000544,2026-01-01 19:58:48.568191927,CUST_02077,1894.7,upi,visa,fashion,mobile_android,SG,True,0
TXN_000545,2026-01-01 20:01:14.093457347,CUST_00020,1950.14,upi,mastercard,fashion,mobile_ios,IN,True,0
TXN_000546,2026-01-01 20:01:16.229588348,CUST_03933,1936.62,card,rupay,electronics,mobile_android,SG,True,0
TXN_000547,2026-01-01 20:01:52.918002695,CUST_00015,2722.15,card,mastercard,fashion,mobile_android,IN,True,0
TXN_000548,2026-01-01 20:02:49.599485823,CUST_02968,1339.12,upi,visa,groceries,desktop_mac,IN,True,0
TXN_000549,2026-01-01 20:03:19.189669007,CUST_00087,546.71,upi,mastercard,digital_goods,mobile_android,IN,True,0
TXN_000550,2026-01-01 20:07:12.108254179,CUST_00002,933.17,upi,visa,electronics,mobile_android,US,True,0
TXN_000551,2026-01-01 20:13:31.898442834,CUST_02735,2857.0,card,unknown,electronics,mobile_android,IN,True,0
TXN_000552,2026-01-01 20:13:47.974739057,CUST_00078,2007.52,card,visa,fashion,mobile_android,US,True,0
TXN_000553,2026-01-01 20:14:40.317519479,CUST_00868,847.05,upi,visa,fashion,mobile_android,AE,True,0
TXN_000554,2026-01-01 20:14:53.226605573,CUST_02524,829.45,upi,visa,fashion,mobile_android,US,True,0
TXN_000555,2026-01-01 20:15:17.577042995,CUST_00054,11086.29,card,visa,electronics,mobile_android,GB,False,1
TXN_000556,2026-01-01 20:19:37.975340840,CUST_01938,601.59,upi,rupay,fashion,mobile_android,IN,True,0
TXN_000557,2026-01-01 20:20:15.431313427,CUST_00876,528.6,upi,visa,travel,mobile_ios,IN,False,0
TXN_000558,2026-01-01 20:22:45.004190825,CUST_00161,381.38,card,mastercard,digital_goods,unknown,GB,True,0
TXN_000559,2026-01-01 20:23:47.860872299,CUST_00005,330.74,wallet,visa,travel,mobile_ios,IN,True,0
TXN_000560,2026-01-01 20:28:44.347881277,CUST_00172,1748.9,card,visa,travel,mobile_ios,IN,True,0
TXN_000561,2026-01-01 20:29:00.245327415,CUST_00517,3179.43,upi,visa,digital_goods,mobile_ios,SG,True,0
TXN_000562,2026-01-01 20:29:44.873499506,CUST_00370,7332.31,upi,visa,fashion,mobile_android,IN,True,0
TXN_000563,2026-01-01 20:31:07.155631417,CUST_01790,6522.78,upi,visa,electronics,mobile_android,AE,True,0
TXN_000564,2026-01-01 20:31:53.132654831,CUST_00475,2328.14,upi,visa,gaming,desktop_windows,GB,True,0
TXN_000565,2026-01-01 20:33:58.190746960,CUST_00399,1372.9,upi,visa,digital_goods,mobile_android,AE,True,0
TXN_000566,2026-01-01 20:34:32.568881332,CUST_02418,1307.81,upi,mastercard,gaming,mobile_android,US,True,0
TXN_000567,2026-01-01 20:37:40.266257632,CUST_00636,8532.45,wallet,visa,fashion,mobile_android,IN,False,1
TXN_000568,2026-01-01 20:38:16.208009001,CUST_03861,764.35,upi,visa,digital_goods,mobile_android,AE,True,0
TXN_000569,2026-01-01 20:44:55.844770652,CUST_01054,7970.08,wallet,visa,groceries,mobile_android,GB,True,0
TXN_000570,2026-01-01 20:47:50.943855229,CUST_03418,4639.77,upi,mastercard,groceries,mobile_android,AE,True,0
TXN_000571,2026-01-01 20:50:09.283498985,CUST_02952,3599.68,card,visa,electronics,mobile_android,IN,True,0
TXN_000572,2026-01-01 20:50:55.088825956,CUST_00487,1221.96,upi,visa,gaming,mobile_android,SG,True,0
TXN_000573,2026-01-01 20:51:01.246277635,CUST_01229,1010.9,card,visa,digital_goods,mobile_android,AE,True,0
TXN_000574,2026-01-01 20:52:07.634784459,CUST_00044,3313.6,upi,visa,travel,desktop_windows,SG,True,0
TXN_000575,2026-01-01 20:52:46.825234755,CUST_00859,388.38,wallet,rupay,gaming,mobile_ios,GB,True,0
TXN_000576,2026-01-01 20:52:50.901215200,CUST_00515,4904.23,upi,visa,fashion,mobile_ios,US,False,0
TXN_000577,2026-01-01 20:54:58.124552993,CUST_00701,5301.0,card,mastercard,electronics,desktop_windows,GB,True,0
TXN_000578,2026-01-01 20:58:28.206266726,CUST_00078,2397.05,card,mastercard,fashion,mobile_android,AE,True,0
TXN_000579,2026-01-01 20:59:19.486716756,CUST_02824,1036.95,upi,mastercard,groceries,mobile_ios,GB,True,0
TXN_000580,2026-01-01 20:59:25.641339212,CUST_00015,2377.92,wallet,amex,fashion,mobile_android,IN,True,0
TXN_000581,2026-01-01 20:59:28.904868651,CUST_02201,1185.55,upi,visa,travel,mobile_android,IN,True,0
TXN_000582,2026-01-01 21:08:22.810630036,CUST_03479,3995.68,upi,visa,gaming,mobile_android,AE,True,0
TXN_000583,2026-01-01 21:13:52.673255924,CUST_00025,1462.87,card,visa,electronics,mobile_android,IN,True,0
TXN_000584,2026-01-01 21:14:13.867264677,CUST_00543,1700.35,upi,mastercard,travel,mobile_ios,IN,True,0
TXN_000585,2026-01-01 21:16:53.293744289,CUST_01100,9333.08,card,mastercard,electronics,mobile_android,IN,False,0
TXN_000586,2026-01-01 21:17:32.811783905,CUST_03917,2262.84,card,mastercard,groceries,mobile_android,IN,True,0
TXN_000587,2026-01-01 21:17:34.826679841,CUST_02818,2703.88,card,mastercard,travel,mobile_android,IN,True,0
TXN_000588,2026-01-01 21:19:04.840473085,CUST_00487,1744.88,upi,mastercard,digital_goods,mobile_android,SG,True,0
TXN_000589,2026-01-01 21:19:48.213352430,CUST_03696,1266.24,upi,visa,digital_goods,mobile_android,IN,True,0
TXN_000590,2026-01-01 21:20:18.233884487,CUST_00290,1114.5,upi,visa,fashion,mobile_ios,IN,True,0
TXN_000591,2026-01-01 21:21:14.635010614,CUST_00308,3378.32,upi,mastercard,electronics,desktop_windows,US,True,0
TXN_000592,2026-01-01 21:21:42.179420873,CUST_00781,1954.71,wallet,mastercard,groceries,mobile_ios,IN,True,0
TXN_000593,2026-01-01 21:22:10.676362346,CUST_02190,2380.83,wallet,mastercard,electronics,mobile_android,IN,True,0
TXN_000594,2026-01-01 21:22:40.757153995,CUST_00086,3370.97,upi,rupay,gaming,mobile_android,IN,True,0
TXN_000595,2026-01-01 21:22:54.563768476,CUST_01947,435.28,card,visa,fashion,mobile_ios,IN,True,0
TXN_000596,2026-01-01 21:22:58.794561007,CUST_00001,3221.44,upi,visa,digital_goods,desktop_windows,IN,True,0
TXN_000597,2026-01-01 21:24:08.185726385,CUST_00171,1011.7,card,rupay,digital_goods,mobile_ios,IN,True,0
TXN_000598,2026-01-01 21:26:25.139861775,CUST_03757,1005.99,upi,rupay,digital_goods,unknown,IN,True,0
TXN_000599,2026-01-01 21:26:28.768715921,CUST_01449,1054.42,upi,mastercard,fashion,mobile_android,IN,True,0
TXN_000600,2026-01-01 21:28:48.176524020,CUST_00631,7007.18,upi,visa,electronics,desktop_windows,IN,False,0
TXN_000601,2026-01-01 21:30:08.570794629,CUST_01880,511.21,upi,mastercard,electronics,mobile_android,SG,True,0
TXN_000602,2026-01-01 21:30:08.929325473,CUST_00547,2047.46,upi,rupay,groceries,mobile_android,US,True,0
TXN_000603,2026-01-01 21:30:24.247495310,CUST_00025,1396.55,upi,visa,electronics,desktop_windows,GB,True,0
TXN_000604,2026-01-01 21:30:46.156278263,CUST_00750,1346.79,upi,rupay,gaming,mobile_android,SG,False,0
TXN_000605,2026-01-01 21:31:13.728775319,CUST_03581,2733.49,upi,visa,electronics,mobile_android,SG,True,0
TXN_000606,2026-01-01 21:32:51.777728819,CUST_00186,8656.78,upi,unknown,electronics,mobile_android,IN,True,0
TXN_000607,2026-01-01 21:33:17.815118311,CUST_00007,2605.25,upi,mastercard,digital_goods,mobile_ios,IN,True,0
TXN_000608,2026-01-01 21:34:12.270670706,CUST_01940,684.67,upi,visa,fashion,mobile_android,SG,True,0
TXN_000609,2026-01-01 21:39:44.326640459,CUST_00605,1346.67,upi,visa,gaming,desktop_windows,GB,True,0
TXN_000610,2026-01-01 21:49:25.773935199,CUST_00297,2696.59,wallet,mastercard,electronics,mobile_android,SG,True,0
TXN_000611,2026-01-01 21:50:59.520432990,CUST_00714,1537.69,netbanking,amex,travel,mobile_android,IN,True,0
TXN_000612,2026-01-01 21:51:28.726567867,CUST_03355,924.39,upi,mastercard,digital_goods,mobile_android,GB,True,0
TXN_000613,2026-01-01 21:52:00.327209630,CUST_00154,1271.23,upi,visa,electronics,mobile_ios,IN,True,0
TXN_000614,2026-01-01 21:53:04.517685164,CUST_00094,1331.47,card,mastercard,gaming,mobile_ios,AE,True,0
TXN_000615,2026-01-01 21:54:06.219457795,CUST_00886,2192.34,upi,mastercard,fashion,mobile_android,IN,False,0
TXN_000616,2026-01-01 21:54:40.969383089,CUST_00634,343.73,card,visa,groceries,mobile_android,IN,True,0
TXN_000617,2026-01-01 21:59:26.918224783,CUST_00050,2339.39,upi,visa,fashion,mobile_android,AE,True,0
TXN_000618,2026-01-01 22:00:43.659189333,CUST_01081,2210.46,upi,mastercard,electronics,mobile_android,US,True,0
TXN_000619,2026-01-01 22:02:03.195884743,CUST_01054,10074.66,upi,rupay,groceries,mobile_android,US,True,0
TXN_000620,2026-01-01 22:10:13.193615429,CUST_01194,2133.27,upi,mastercard,digital_goods,mobile_android,AE,True,0
TXN_000621,2026-01-01 22:12:18.953093478,CUST_00485,1489.41,card,mastercard,fashion,mobile_android,IN,False,0
TXN_000622,2026-01-01 22:16:13.173492532,CUST_00214,1380.72,upi,mastercard,electronics,unknown,IN,True,0
TXN_000623,2026-01-01 22:17:29.840998553,CUST_00284,2304.96,upi,visa,electronics,mobile_android,IN,True,0
TXN_000624,2026-01-01 22:22:20.399698679,CUST_02580,5869.97,card,visa,gaming,mobile_android,US,True,0
TXN_000625,2026-01-01 22:22:54.945447936,CUST_01289,7862.05,upi,visa,fashion,mobile_android,IN,True,0
TXN_000626,2026-01-01 22:22:56.161202705,CUST_00444,8753.78,upi,rupay,gaming,mobile_android,IN,True,0
TXN_000627,2026-01-01 22:26:32.849174119,CUST_01232,653.4,upi,visa,electronics,mobile_ios,GB,True,0
TXN_000628,2026-01-01 22:27:11.201737031,CUST_00329,709.12,card,rupay,fashion,mobile_android,IN,True,0
TXN_000629,2026-01-01 22:29:10.097797369,CUST_02796,2136.85,card,mastercard,digital_goods,mobile_ios,SG,True,0
TXN_000630,2026-01-01 22:30:40.778240109,CUST_01855,3322.41,upi,mastercard,fashion,mobile_android,SG,True,0
TXN_000631,2026-01-01 22:30:59.379723021,CUST_00023,5209.47,upi,mastercard,fashion,mobile_android,GB,True,0
TXN_000632,2026-01-01 22:31:34.263735745,CUST_00008,1604.95,upi,visa,groceries,desktop_mac,GB,True,0
TXN_000633,2026-01-01 22:38:45.596399823,CUST_00004,5113.55,upi,visa,digital_goods,desktop_mac,IN,True,0
TXN_000634,2026-01-01 22:45:27.972333458,CUST_00003,3553.34,netbanking,mastercard,travel,mobile_ios,IN,True,0
TXN_000635,2026-01-01 22:46:57.476533957,CUST_00747,3343.66,card,mastercard,digital_goods,mobile_android,US,True,0
TXN_000636,2026-01-01 22:47:41.655636881,CUST_00075,3742.61,netbanking,amex,travel,mobile_android,US,True,0
TXN_000637,2026-01-01 22:50:01.831725479,CUST_01546,1722.49,upi,mastercard,fashion,mobile_android,AE,True,0
TXN_000638,2026-01-01 22:54:05.584080479,CUST_00698,459.93,netbanking,visa,electronics,mobile_ios,IN,True,0
TXN_000639,2026-01-01 23:00:30.220454336,CUST_00020,1429.3,card,visa,electronics,mobile_android,IN,True,0
TXN_000640,2026-01-01 23:01:01.394897458,CUST_00001,2526.66,netbanking,visa,fashion,mobile_ios,GB,True,0
TXN_000641,2026-01-01 23:01:38.428376945,CUST_00004,5087.92,upi,visa,groceries,desktop_windows,SG,True,0
TXN_000642,2026-01-01 23:01:49.232862942,CUST_00883,818.56,netbanking,visa,groceries,mobile_ios,US,True,0
TXN_000643,2026-01-01 23:01:52.197363086,CUST_01108,1071.51,card,visa,groceries,mobile_ios,IN,False,0
TXN_000644,2026-01-01 23:02:36.841834604,CUST_00336,656.14,card,mastercard,gaming,mobile_android,IN,True,0
TXN_000645,2026-01-01 23:02:47.620946615,CUST_00014,3650.71,upi,rupay,digital_goods,unknown,GB,True,0
TXN_000646,2026-01-01 23:05:17.450598785,CUST_03396,2964.59,upi,mastercard,electronics,mobile_android,GB,True,0
TXN_000647,2026-01-01 23:06:12.170953005,CUST_00464,308.71,wallet,mastercard,fashion,mobile_android,IN,True,0
TXN_000648,2026-01-01 23:06:43.247239158,CUST_00530,50.0,card,mastercard,groceries,desktop_windows,IN,True,0
TXN_000649,2026-01-01 23:08:33.421820148,CUST_00402,9656.59,netbanking,rupay,groceries,mobile_android,US,False,1
TXN_000650,2026-01-01 23:10:24.446105567,CUST_00009,1952.4,upi,mastercard,groceries,mobile_android,IN,True,0
TXN_000651,2026-01-01 23:11:04.605245118,CUST_01751,1565.04,upi,visa,fashion,mobile_android,GB,True,1
TXN_000652,2026-01-01 23:13:15.555695367,CUST_01494,945.64,upi,rupay,groceries,mobile_android,IN,True,0
TXN_000653,2026-01-01 23:19:29.343638566,CUST_00061,431.0,upi,mastercard,fashion,mobile_ios,US,True,0
TXN_000654,2026-01-01 23:24:06.964395226,CUST_00180,2824.95,upi,rupay,gaming,mobile_android,GB,True,0
TXN_000655,2026-01-01 23:24:16.728319037,CUST_00938,2120.2,upi,mastercard,groceries,mobile_android,AE,True,0
TXN_000656,2026-01-01 23:25:14.711848057,CUST_00391,289.49,upi,mastercard,groceries,mobile_ios,IN,True,0
TXN_000657,2026-01-01 23:28:10.553825402,CUST_03980,3609.84,upi,mastercard,fashion,desktop_windows,AE,True,0
TXN_000658,2026-01-01 23:32:07.990414345,CUST_00746,5408.26,upi,mastercard,groceries,desktop_windows,GB,True,0
TXN_000659,2026-01-01 23:32:47.237629585,CUST_02952,3044.91,upi,visa,fashion,mobile_ios,IN,True,0
TXN_000660,2026-01-01 23:36:34.307292129,CUST_00098,553.34,upi,mastercard,electronics,mobile_android,GB,True,0
TXN_000661,2026-01-01 23:38:20.778466729,CUST_00976,1156.51,upi,visa,travel,mobile_android,IN,True,0
TXN_000662,2026-01-01 23:43:02.476416434,CUST_00272,2220.08,card,mastercard,gaming,mobile_ios,SG,True,0
TXN_000663,2026-01-01 23:44:51.005975853,CUST_03394,852.48,upi,mastercard,fashion,mobile_android,AE,True,0
TXN_000664,2026-01-01 23:49:37.629393273,CUST_00955,930.19,netbanking,visa,groceries,mobile_android,IN,True,0
TXN_000665,2026-01-01 23:49:58.858567879,CUST_01436,1398.73,upi,mastercard,electronics,mobile_android,AE,True,0
TXN_000666,2026-01-01 23:57:54.877926940,CUST_00013,2156.65,upi,visa,gaming,mobile_android,IN,True,0
TXN_000667,2026-01-01 23:58:03.072033570,CUST_00715,495.56,netbanking,visa,fashion,mobile_android,AE,True,0
TXN_000668,2026-01-02 00:01:28.054037323,CUST_01076,2537.01,card,visa,travel,mobile_android,IN,False,0
TXN_000669,2026-01-02 00:01:42.589231926,CUST_00215,1813.82,card,amex,fashion,mobile_ios,IN,True,0
TXN_000670,2026-01-02 00:06:53.058610469,CUST_01905,3661.61,card,mastercard,groceries,mobile_android,IN,True,0
TXN_000671,2026-01-02 00:07:07.582254926,CUST_00644,1700.93,wallet,mastercard,fashion,desktop_windows,IN,True,0
TXN_000672,2026-01-02 00:09:11.565247703,CUST_00997,5708.9,upi,visa,fashion,mobile_ios,IN,True,0
TXN_000673,2026-01-02 00:10:39.385465969,CUST_00354,3515.58,wallet,rupay,electronics,mobile_android,IN,True,0
TXN_000674,2026-01-02 00:11:12.567016821,CUST_01557,1604.27,netbanking,visa,groceries,mobile_android,IN,True,0
TXN_000675,2026-01-02 00:15:43.466132834,CUST_00024,1820.13,upi,visa,electronics,mobile_android,AE,True,0
TXN_000676,2026-01-02 00:17:07.828829524,CUST_00781,1914.36,upi,visa,travel,mobile_android,AE,True,0
TXN_000677,2026-01-02 00:19:10.061432198,CUST_03062,2157.93,card,mastercard,gaming,mobile_android,AE,True,0
TXN_000678,2026-01-02 00:19:53.208210962,CUST_00134,1117.46,netbanking,mastercard,fashion,mobile_android,IN,True,0
TXN_000679,2026-01-02 00:25:54.577037518,CUST_02842,6400.26,upi,visa,electronics,mobile_ios,AE,True,0
TXN_000680,2026-01-02 00:28:10.299725157,CUST_02975,2602.31,upi,rupay,electronics,mobile_ios,US,True,0
TXN_000681,2026-01-02 00:29:22.658992632,CUST_00128,3368.2,upi,mastercard,fashion,mobile_ios,IN,False,1
TXN_000682,2026-01-02 00:31:38.609158989,CUST_00015,241.81,card,visa,digital_goods,mobile_android,AE,True,0
TXN_000683,2026-01-02 00:34:30.796453355,CUST_02089,1047.17,upi,visa,digital_goods,mobile_android,US,True,0
TXN_000684,2026-01-02 00:35:01.371343070,CUST_03610,1893.18,upi,rupay,gaming,mobile_ios,SG,True,0
TXN_000685,2026-01-02 00:38:19.862077762,CUST_00161,2708.89,netbanking,rupay,fashion,desktop_windows,IN,False,1
TXN_000686,2026-01-02 00:38:49.785987146,CUST_03208,2990.04,upi,mastercard,groceries,mobile_android,GB,True,0
TXN_000687,2026-01-02 00:41:04.196346516,CUST_00102,5876.27,upi,rupay,fashion,mobile_android,IN,True,0
TXN_000688,2026-01-02 00:41:33.218384729,CUST_00350,10196.9,card,visa,travel,mobile_android,AE,True,0
TXN_000689,2026-01-02 00:42:00.344663552,CUST_02982,7856.27,card,mastercard,electronics,mobile_android,SG,True,0
TXN_000690,2026-01-02 00:43:37.990700800,CUST_00239,802.27,upi,rupay,groceries,mobile_android,IN,True,0
TXN_000691,2026-01-02 00:44:22.231498537,CUST_02032,820.19,wallet,rupay,gaming,mobile_ios,IN,True,0
TXN_000692,2026-01-02 00:44:25.976911689,CUST_00048,2712.71,upi,mastercard,groceries,desktop_windows,IN,True,0
TXN_000693,2026-01-02 00:47:57.777353026,CUST_00396,2419.6,card,mastercard,fashion,desktop_windows,IN,True,0
TXN_000694,2026-01-02 00:58:10.389213439,CUST_03449,1505.22,upi,mastercard,fashion,mobile_ios,IN,True,0
TXN_000695,2026-01-02 01:00:54.168981160,CUST_00123,1395.55,upi,visa,digital_goods,mobile_ios,GB,True,0
TXN_000696,2026-01-02 01:06:45.819390145,CUST_01700,1639.11,upi,visa,fashion,mobile_android,AE,True,0
TXN_000697,2026-01-02 01:09:45.967217903,CUST_03264,5427.1,upi,mastercard,digital_goods,mobile_android,IN,False,0
TXN_000698,2026-01-02 01:20:18.442642185,CUST_02226,2007.8,upi,visa,travel,mobile_android,AE,True,0
TXN_000699,2026-01-02 01:21:33.335210469,CUST_03514,3520.37,netbanking,visa,gaming,mobile_android,AE,True,0
TXN_000700,2026-01-02 01:23:13.830817593,CUST_03476,5205.18,upi,mastercard,electronics,mobile_android,GB,True,0
TXN_000701,2026-01-02 01:24:15.209401685,CUST_00029,1732.87,card,mastercard,fashion,mobile_android,IN,True,0
TXN_000702,2026-01-02 01:31:49.048512215,CUST_01177,1154.93,upi,mastercard,groceries,mobile_android,GB,True,0
TXN_000703,2026-01-02 01:33:20.532838077,CUST_00523,5932.12,upi,mastercard,fashion,mobile_android,IN,True,0
TXN_000704,2026-01-02 01:38:17.054121447,CUST_01592,588.25,upi,mastercard,fashion,desktop_windows,IN,True,0
TXN_000705,2026-01-02 01:38:32.428746415,CUST_01948,873.97,netbanking,visa,groceries,mobile_ios,GB,True,0
TXN_000706,2026-01-02 01:39:13.416923201,CUST_00147,1069.49,upi,mastercard,groceries,mobile_android,SG,True,0
TXN_000707,2026-01-02 01:41:08.679856111,CUST_02330,4241.13,card,rupay,electronics,mobile_android,US,True,0
TXN_000708,2026-01-02 01:42:05.776716555,CUST_00474,2051.81,upi,mastercard,electronics,mobile_android,IN,True,0
TXN_000709,2026-01-02 01:42:48.285594787,CUST_01451,1014.45,upi,mastercard,electronics,mobile_android,SG,True,0
TXN_000710,2026-01-02 01:43:51.944726895,CUST_00525,6270.93,card,visa,fashion,mobile_ios,AE,False,0
TXN_000711,2026-01-02 01:44:22.377169373,CUST_00321,3967.32,upi,mastercard,digital_goods,mobile_android,IN,True,0
TXN_000712,2026-01-02 01:48:28.429182369,CUST_01655,1121.07,netbanking,visa,digital_goods,mobile_android,US,True,0
TXN_000713,2026-01-02 01:49:17.469428087,CUST_00917,4636.62,netbanking,visa,groceries,mobile_android,IN,False,0
TXN_000714,2026-01-02 01:51:30.671203985,CUST_02721,1761.65,card,rupay,fashion,mobile_android,SG,True,0
TXN_000715,2026-01-02 01:51:51.908009732,CUST_02234,8512.57,upi,unknown,gaming,mobile_android,AE,True,0
TXN_000716,2026-01-02 01:55:40.450255999,CUST_02841,2421.49,upi,visa,groceries,mobile_android,US,True,0
TXN_000717,2026-01-02 01:56:24.239864472,CUST_02098,1226.12,netbanking,mastercard,gaming,mobile_ios,IN,True,0
TXN_000718,2026-01-02 01:57:28.840735512,CUST_03241,3880.77,card,visa,fashion,mobile_android,SG,True,0
TXN_000719,2026-01-02 02:01:16.051370615,CUST_00055,1152.45,upi,visa,electronics,mobile_android,AE,True,0
TXN_000720,2026-01-02 02:01:51.615077589,CUST_01366,2771.46,upi,mastercard,groceries,mobile_ios,SG,True,0
TXN_000721,2026-01-02 02:05:49.528574357,CUST_00015,3289.45,upi,visa,fashion,mobile_android,IN,True,0
TXN_000722,2026-01-02 02:06:31.669432707,CUST_00757,722.49,card,amex,digital_goods,mobile_android,IN,True,0
TXN_000723,2026-01-02 02:07:27.981228393,CUST_02786,1830.52,upi,visa,fashion,mobile_ios,AE,True,0
TXN_000724,2026-01-02 02:12:21.836397034,CUST_01843,3786.99,upi,rupay,gaming,mobile_ios,IN,True,0
TXN_000725,2026-01-02 02:12:39.669911553,CUST_01091,977.54,upi,mastercard,digital_goods,mobile_ios,US,True,0
TXN_000726,2026-01-02 02:13:40.149713669,CUST_01656,738.18,card,visa,travel,mobile_ios,GB,True,0
TXN_000727,2026-01-02 02:14:36.098891831,CUST_00069,2450.16,card,rupay,fashion,mobile_ios,IN,True,0
TXN_000728,2026-01-02 02:16:50.126200835,CUST_03362,209.59,upi,visa,groceries,mobile_android,IN,True,0
TXN_000729,2026-01-02 02:18:33.868475405,CUST_00107,748.38,card,mastercard,groceries,mobile_android,IN,True,0
TXN_000730,2026-01-02 02:20:18.730164776,CUST_00063,1387.5,upi,visa,fashion,mobile_android,IN,True,0
TXN_000731,2026-01-02 02:22:22.367087428,CUST_00044,3519.33,upi,visa,travel,mobile_ios,IN,True,0
TXN_000732,2026-01-02 02:24:58.945305748,CUST_03409,21640.16,upi,mastercard,electronics,mobile_ios,IN,False,1
TXN_000733,2026-01-02 02:32:43.327148104,CUST_00626,1474.82,netbanking,rupay,electronics,mobile_android,IN,True,0
TXN_000734,2026-01-02 02:36:05.977553852,CUST_00882,2771.61,card,visa,groceries,mobile_android,IN,True,0
TXN_000735,2026-01-02 02:36:54.256779065,CUST_00396,1565.3,card,rupay,electronics,mobile_android,GB,True,0
TXN_000736,2026-01-02 02:37:23.508995811,CUST_00003,1772.85,netbanking,visa,digital_goods,mobile_ios,IN,True,0
TXN_000737,2026-01-02 02:38:42.367826023,CUST_00011,3982.43,upi,rupay,digital_goods,mobile_android,US,True,0
TXN_000738,2026-01-02 02:40:54.061978607,CUST_00002,933.69,card,mastercard,groceries,mobile_android,GB,True,0
TXN_000739,2026-01-02 02:43:35.694085711,CUST_00906,16160.24,netbanking,visa,electronics,mobile_ios,IN,True,0
TXN_000740,2026-01-02 02:45:03.094504949,CUST_00087,1465.68,wallet,mastercard,travel,mobile_ios,AE,True,0
TXN_000741,2026-01-02 02:46:37.222371998,CUST_00455,2252.86,upi,mastercard,fashion,mobile_android,US,True,0
TXN_000742,2026-01-02 02:47:42.133019310,CUST_00624,586.54,card,visa,digital_goods,desktop_windows,IN,True,0
TXN_000743,2026-01-02 02:48:40.915934841,CUST_00880,1787.7,upi,mastercard,digital_goods,mobile_android,IN,True,0
TXN_000744,2026-01-02 02:50:56.849916977,CUST_03039,606.57,card,rupay,electronics,mobile_android,IN,True,0
TXN_000745,2026-01-02 02:52:03.938288284,CUST_00005,313.54,upi,rupay,groceries,desktop_windows,IN,True,0
TXN_000746,2026-01-02 02:53:36.555726920,CUST_00738,3205.39,upi,visa,travel,mobile_android,IN,True,0
TXN_000747,2026-01-02 02:57:52.390171624,CUST_00039,716.49,netbanking,mastercard,fashion,mobile_android,IN,False,0
TXN_000748,2026-01-02 03:04:44.795966020,CUST_03324,1165.88,netbanking,mastercard,electronics,mobile_android,SG,True,0
TXN_000749,2026-01-02 03:04:47.189162133,CUST_03246,3592.68,wallet,amex,fashion,mobile_ios,GB,True,0
TXN_000750,2026-01-02 03:06:33.005206752,CUST_00044,2696.41,upi,rupay,electronics,mobile_android,IN,True,0
TXN_000751,2026-01-02 03:07:15.858143194,CUST_00031,9324.72,upi,mastercard,fashion,mobile_ios,US,True,0
TXN_000752,2026-01-02 03:09:48.776313042,CUST_00027,4786.26,card,visa,electronics,mobile_android,IN,True,0
TXN_000753,2026-01-02 03:09:57.438514870,CUST_00021,987.45,upi,visa,travel,mobile_android,SG,True,0
TXN_000754,2026-01-02 03:11:45.702166789,CUST_00056,924.5,card,visa,fashion,mobile_android,IN,True,0
TXN_000755,2026-01-02 03:12:12.251770875,CUST_00055,663.28,upi,rupay,groceries,mobile_android,SG,True,0
TXN_000756,2026-01-02 03:13:56.623989452,CUST_00061,665.82,card,visa,groceries,mobile_android,SG,True,0
TXN_000757,2026-01-02 03:14:04.433735812,CUST_00050,2816.81,upi,mastercard,gaming,mobile_android,US,True,0
TXN_000758,2026-01-02 03:15:15.935310940,CUST_00394,2975.52,upi,visa,gaming,mobile_android,IN,True,0
TXN_000759,2026-01-02 03:15:22.065884530,CUST_00159,1153.57,upi,mastercard,gaming,mobile_android,IN,True,0
TXN_000760,2026-01-02 03:16:48.714563201,CUST_00495,1303.98,netbanking,mastercard,groceries,desktop_mac,IN,True,0
TXN_000761,2026-01-02 03:22:11.625081120,CUST_03046,1302.17,upi,mastercard,fashion,desktop_windows,SG,False,0
TXN_000762,2026-01-02 03:22:43.613329004,CUST_00334,637.27,upi,rupay,groceries,mobile_ios,IN,True,0
TXN_000763,2026-01-02 03:23:20.961632691,CUST_00208,872.31,upi,visa,electronics,mobile_ios,IN,True,0
TXN_000764,2026-01-02 03:25:49.218182943,CUST_03219,9927.78,upi,visa,digital_goods,mobile_ios,IN,True,0
TXN_000765,2026-01-02 03:30:54.696376917,CUST_00271,1417.71,upi,rupay,fashion,mobile_android,SG,False,0
TXN_000766,2026-01-02 03:33:24.516426820,CUST_00033,1147.18,upi,unknown,fashion,mobile_ios,SG,True,0
TXN_000767,2026-01-02 03:36:41.953710128,CUST_01259,7285.09,card,mastercard,electronics,mobile_android,SG,True,0
TXN_000768,2026-01-02 03:36:49.031949902,CUST_00201,9499.67,upi,visa,fashion,mobile_ios,US,False,0
TXN_000769,2026-01-02 03:37:49.349943002,CUST_00832,8240.0,card,visa,fashion,mobile_android,IN,True,0
TXN_000770,2026-01-02 03:38:30.736141013,CUST_02112,1582.19,upi,mastercard,fashion,mobile_android,SG,True,0
TXN_000771,2026-01-02 03:38:34.725412153,CUST_01016,1062.66,card,visa,digital_goods,mobile_ios,US,True,0
TXN_000772,2026-01-02 03:41:43.849256901,CUST_02393,575.95,upi,amex,gaming,mobile_android,GB,True,0
TXN_000773,2026-01-02 03:44:40.259999081,CUST_00318,1031.66,upi,mastercard,digital_goods,mobile_ios,IN,True,0
TXN_000774,2026-01-02 03:44:48.149219526,CUST_00065,5208.99,upi,mastercard,electronics,mobile_android,IN,True,0
TXN_000775,2026-01-02 03:50:43.952734021,CUST_00435,4425.54,card,rupay,travel,mobile_android,IN,True,0
TXN_000776,2026-01-02 03:51:30.713886466,CUST_00481,1245.41,card,mastercard,electronics,mobile_ios,US,False,0
TXN_000777,2026-01-02 03:53:57.418995687,CUST_01784,1244.75,card,mastercard,groceries,mobile_android,IN,True,0
TXN_000778,2026-01-02 03:55:46.249038949,CUST_01615,1012.89,netbanking,visa,groceries,desktop_windows,IN,True,0
TXN_000779,2026-01-02 03:58:23.761779140,CUST_00248,8209.9,upi,visa,digital_goods,mobile_ios,GB,False,0
TXN_000780,2026-01-02 03:58:35.172254382,CUST_03349,2876.53,upi,visa,fashion,unknown,IN,True,0
TXN_000781,2026-01-02 04:00:28.501026347,CUST_00191,4631.13,upi,visa,fashion,mobile_android,US,True,0
TXN_000782,2026-01-02 04:01:21.252914369,CUST_03966,1163.15,upi,visa,fashion,mobile_android,AE,True,0
TXN_000783,2026-01-02 04:01:30.961476383,CUST_00004,4788.89,upi,mastercard,fashion,mobile_ios,IN,True,0
TXN_000784,2026-01-02 04:01:51.358542322,CUST_01542,480.41,card,mastercard,fashion,mobile_android,AE,True,0
TXN_000785,2026-01-02 04:03:20.882554470,CUST_01265,1437.08,upi,mastercard,electronics,mobile_android,GB,True,0
TXN_000786,2026-01-02 04:04:34.787359671,CUST_01100,3225.31,upi,visa,electronics,mobile_android,IN,True,0
TXN_000787,2026-01-02 04:05:56.216114261,CUST_02187,1295.85,upi,visa,fashion,mobile_android,IN,True,0
TXN_000788,2026-01-02 04:06:42.103790549,CUST_01127,7661.15,upi,visa,travel,desktop_windows,SG,True,0
TXN_000789,2026-01-02 04:08:49.655233215,CUST_01216,549.86,card,mastercard,fashion,mobile_android,IN,True,0
TXN_000790,2026-01-02 04:08:59.216510215,CUST_02913,2031.21,upi,mastercard,electronics,desktop_windows,US,True,0
TXN_000791,2026-01-02 04:09:37.390634287,CUST_00081,1960.2,upi,rupay,gaming,desktop_windows,IN,True,0
TXN_000792,2026-01-02 04:11:48.578067282,CUST_00875,432.44,wallet,mastercard,electronics,mobile_android,US,True,0
TXN_000793,2026-01-02 04:17:42.329749561,CUST_01761,847.04,card,visa,groceries,mobile_ios,US,True,0
TXN_000794,2026-01-02 04:18:54.812109065,CUST_00245,6907.85,upi,visa,travel,mobile_ios,IN,True,0
TXN_000795,2026-01-02 04:20:02.818104757,CUST_00115,2656.43,upi,visa,gaming,mobile_android,IN,True,0
TXN_000796,2026-01-02 04:20:28.934668512,CUST_00037,642.29,upi,visa,gaming,mobile_ios,GB,False,0
TXN_000797,2026-01-02 04:24:24.573739330,CUST_00171,1605.46,upi,mastercard,electronics,mobile_android,AE,True,0
TXN_000798,2026-01-02 04:25:50.034885267,CUST_01500,624.7,upi,mastercard,fashion,unknown,IN,True,0
TXN_000799,2026-01-02 04:27:54.668693135,CUST_01240,8621.04,upi,visa,electronics,mobile_android,IN,True,0
TXN_000800,2026-01-02 04:28:23.577472525,CUST_00067,942.49,wallet,visa,groceries,mobile_android,GB,True,0
TXN_000801,2026-01-02 04:29:47.625438453,CUST_00727,2506.68,netbanking,visa,fashion,mobile_android,IN,True,0
TXN_000802,2026-01-02 04:30:25.221174712,CUST_00108,1157.09,upi,visa,fashion,mobile_ios,AE,True,0
TXN_000803,2026-01-02 04:34:25.133292394,CUST_03407,2383.75,card,rupay,digital_goods,mobile_ios,US,True,0
TXN_000804,2026-01-02 04:35:37.425603145,CUST_01834,1509.98,upi,visa,fashion,mobile_android,SG,True,0
TXN_000805,2026-01-02 04:37:52.115916120,CUST_00069,1041.11,card,mastercard,electronics,mobile_android,IN,True,0
TXN_000806,2026-01-02 04:40:45.581626518,CUST_00214,1794.81,netbanking,rupay,fashion,mobile_android,IN,True,0
TXN_000807,2026-01-02 04:40:45.946520209,CUST_02722,4804.28,card,mastercard,electronics,desktop_windows,IN,True,0
TXN_000808,2026-01-02 04:41:46.970282364,CUST_00980,1371.36,card,visa,groceries,mobile_android,SG,True,0
TXN_000809,2026-01-02 04:42:57.972347769,CUST_00343,10850.69,card,mastercard,gaming,mobile_ios,IN,False,1
TXN_000810,2026-01-02 04:45:09.806014532,CUST_01162,1154.88,upi,visa,electronics,mobile_android,GB,True,0
TXN_000811,2026-01-02 04:45:44.496218022,CUST_00422,783.84,upi,mastercard,electronics,mobile_ios,AE,True,0
TXN_000812,2026-01-02 04:46:45.001149087,CUST_03194,915.35,card,visa,fashion,mobile_ios,IN,False,0
TXN_000813,2026-01-02 04:48:15.843702258,CUST_02882,3068.65,upi,visa,digital_goods,mobile_android,GB,True,0
TXN_000814,2026-01-02 04:50:08.325784787,CUST_00058,6623.39,upi,visa,electronics,desktop_windows,AE,True,0
TXN_000815,2026-01-02 04:54:45.541759175,CUST_01563,911.12,card,mastercard,electronics,mobile_android,IN,True,0
TXN_000816,2026-01-02 04:55:54.268873596,CUST_02604,1688.25,card,amex,fashion,mobile_android,US,True,0
TXN_000817,2026-01-02 04:56:10.937293779,CUST_00105,1154.64,upi,visa,electronics,mobile_ios,GB,True,0
TXN_000818,2026-01-02 05:00:00.804365544,CUST_02866,863.78,upi,mastercard,gaming,mobile_ios,AE,True,0
TXN_000819,2026-01-02 05:00:38.311482272,CUST_00502,50.0,upi,mastercard,fashion,mobile_android,IN,True,0
TXN_000820,2026-01-02 05:04:44.776655741,CUST_00245,3995.84,netbanking,visa,digital_goods,mobile_android,IN,True,0
TXN_000821,2026-01-02 05:05:22.727407389,CUST_03847,1778.48,upi,rupay,fashion,mobile_android,US,True,0
TXN_000822,2026-01-02 05:05:25.573939086,CUST_01622,2224.15,card,rupay,fashion,mobile_android,IN,True,0
TXN_000823,2026-01-02 05:06:57.008570323,CUST_00215,806.12,upi,amex,electronics,mobile_android,AE,True,0
TXN_000824,2026-01-02 05:13:00.798436658,CUST_00869,913.62,upi,visa,electronics,mobile_ios,IN,True,0
TXN_000825,2026-01-02 05:14:05.686264646,CUST_01381,4845.29,upi,visa,digital_goods,mobile_android,GB,True,0
TXN_000826,2026-01-02 05:14:32.294840089,CUST_01760,1764.56,card,visa,fashion,mobile_android,US,True,0
TXN_000827,2026-01-02 05:14:56.592607854,CUST_00103,868.57,upi,rupay,gaming,mobile_android,IN,True,0
TXN_000828,2026-01-02 05:18:42.603900527,CUST_01248,490.3,upi,mastercard,travel,mobile_android,SG,True,0
TXN_000829,2026-01-02 05:20:59.527687601,CUST_02677,3067.05,upi,mastercard,electronics,mobile_android,IN,False,0
TXN_000830,2026-01-02 05:22:09.782503523,CUST_02357,2306.64,upi,visa,groceries,mobile_android,IN,True,0
TXN_000831,2026-01-02 05:22:17.923391772,CUST_00221,1480.75,card,mastercard,gaming,mobile_android,AE,True,0
TXN_000832,2026-01-02 05:24:09.432897096,CUST_03717,3721.34,upi,visa,fashion,mobile_android,IN,True,0
TXN_000833,2026-01-02 05:27:52.544448716,CUST_00001,1469.78,upi,mastercard,electronics,mobile_android,GB,True,0
TXN_000834,2026-01-02 05:28:02.996673825,CUST_02186,1394.25,upi,mastercard,fashion,mobile_android,IN,True,0
TXN_000835,2026-01-02 05:28:43.130342540,CUST_00263,4047.75,upi,rupay,fashion,mobile_android,IN,True,0
TXN_000836,2026-01-02 05:30:35.248146555,CUST_03453,5269.25,upi,rupay,fashion,mobile_android,IN,False,0
TXN_000837,2026-01-02 05:34:58.554427187,CUST_02784,2941.09,upi,mastercard,fashion,mobile_ios,AE,False,0
TXN_000838,2026-01-02 05:44:55.514197657,CUST_02944,1442.08,wallet,visa,groceries,mobile_ios,IN,True,0
TXN_000839,2026-01-02 05:48:54.567694314,CUST_00156,2157.61,upi,visa,electronics,mobile_android,IN,True,0
TXN_000840,2026-01-02 05:50:58.646967717,CUST_02306,723.13,card,visa,fashion,mobile_android,SG,True,0
TXN_000841,2026-01-02 05:51:49.694854215,CUST_00293,6185.5,upi,mastercard,groceries,mobile_android,IN,True,0
TXN_000842,2026-01-02 05:52:27.187471954,CUST_00583,1544.05,upi,mastercard,electronics,mobile_android,IN,True,0
TXN_000843,2026-01-02 05:52:27.655923379,CUST_03135,1038.24,card,mastercard,gaming,mobile_android,IN,True,0
TXN_000844,2026-01-02 05:53:39.725489595,CUST_01811,650.78,upi,mastercard,fashion,mobile_ios,IN,True,0
TXN_000845,2026-01-02 05:56:19.895723636,CUST_01367,536.48,upi,mastercard,fashion,mobile_ios,IN,True,0
TXN_000846,2026-01-02 05:57:28.579703612,CUST_00037,2197.56,upi,rupay,travel,mobile_ios,IN,True,0
TXN_000847,2026-01-02 06:00:41.090663233,CUST_00903,1400.29,upi,visa,groceries,mobile_android,US,True,0
TXN_000848,2026-01-02 06:06:00.298729024,CUST_00034,625.16,upi,amex,electronics,mobile_android,US,True,0
TXN_000849,2026-01-02 06:06:48.383274250,CUST_00013,3006.03,upi,visa,fashion,desktop_windows,US,True,0
TXN_000850,2026-01-02 06:08:21.252747700,CUST_03501,1142.36,wallet,mastercard,gaming,mobile_android,IN,True,0
TXN_000851,2026-01-02 06:09:30.695218398,CUST_01134,5411.89,upi,visa,digital_goods,mobile_android,GB,True,0
TXN_000852,2026-01-02 06:10:21.741011855,CUST_00001,2752.6,card,mastercard,digital_goods,mobile_ios,IN,True,0
TXN_000853,2026-01-02 06:14:47.498109982,CUST_00652,1136.64,wallet,visa,groceries,mobile_android,IN,True,0
TXN_000854,2026-01-02 06:15:50.509735660,CUST_00209,3410.71,netbanking,mastercard,digital_goods,desktop_windows,IN,False,0
TXN_000855,2026-01-02 06:16:32.353097581,CUST_00053,612.71,card,mastercard,gaming,mobile_android,AE,True,0
TXN_000856,2026-01-02 06:23:53.501628695,CUST_02467,1134.96,upi,visa,travel,desktop_windows,IN,True,0
TXN_000857,2026-01-02 06:27:21.673650538,CUST_00053,536.88,card,mastercard,electronics,mobile_android,SG,True,0
TXN_000858,2026-01-02 06:27:27.304845550,CUST_00063,1938.81,netbanking,visa,travel,mobile_android,SG,True,0
TXN_000859,2026-01-02 06:27:49.911987161,CUST_00130,6999.31,upi,amex,groceries,mobile_ios,AE,False,1
TXN_000860,2026-01-02 06:27:59.565852854,CUST_01763,1883.45,upi,visa,digital_goods,mobile_android,IN,True,0
TXN_000861,2026-01-02 06:28:01.333221487,CUST_00084,1160.94,upi,mastercard,fashion,mobile_android,SG,True,0
TXN_000862,2026-01-02 06:47:25.998302064,CUST_00271,1107.37,upi,visa,gaming,mobile_android,IN,True,0
TXN_000863,2026-01-02 06:50:48.087957564,CUST_03118,1464.96,upi,mastercard,fashion,mobile_ios,IN,True,0
TXN_000864,2026-01-02 06:52:32.787476704,CUST_01014,539.52,upi,visa,digital_goods,mobile_ios,IN,True,0
TXN_000865,2026-01-02 06:56:27.060393617,CUST_00068,791.18,card,rupay,groceries,desktop_windows,IN,True,0
TXN_000866,2026-01-02 06:57:36.114811364,CUST_02775,1367.55,upi,visa,fashion,mobile_android,SG,True,0
TXN_000867,2026-01-02 07:08:36.338319241,CUST_00803,1971.44,upi,mastercard,digital_goods,mobile_android,US,True,0
TXN_000868,2026-01-02 07:09:44.224682648,CUST_02579,4664.62,card,visa,electronics,mobile_android,IN,True,0
TXN_000869,2026-01-02 07:11:03.046122899,CUST_00014,5522.61,upi,mastercard,electronics,mobile_android,IN,True,0
TXN_000870,2026-01-02 07:13:09.296099032,CUST_00059,872.3,netbanking,visa,digital_goods,mobile_ios,IN,True,0
TXN_000871,2026-01-02 07:18:04.356991645,CUST_00019,4363.98,wallet,mastercard,digital_goods,mobile_android,GB,True,0
TXN_000872,2026-01-02 07:18:16.364606766,CUST_00693,2212.62,wallet,mastercard,electronics,desktop_windows,IN,True,0
TXN_000873,2026-01-02 07:19:49.458574168,CUST_00417,3257.84,upi,mastercard,gaming,mobile_android,SG,True,0
TXN_000874,2026-01-02 07:22:28.301245019,CUST_00492,2406.57,upi,mastercard,digital_goods,mobile_android,IN,True,0
TXN_000875,2026-01-02 07:22:33.292216872,CUST_00367,761.48,upi,visa,electronics,mobile_android,GB,True,0
TXN_000876,2026-01-02 07:23:26.953826913,CUST_00515,3761.86,netbanking,rupay,groceries,mobile_android,US,True,0
TXN_000877,2026-01-02 07:25:32.677028181,CUST_00402,2710.64,netbanking,visa,travel,mobile_android,IN,True,0
TXN_000878,2026-01-02 07:29:00.560740757,CUST_00058,5958.25,upi,rupay,gaming,mobile_android,IN,True,0
TXN_000879,2026-01-02 07:34:40.370099269,CUST_01031,5624.59,upi,mastercard,digital_goods,mobile_ios,IN,True,0
TXN_000880,2026-01-02 07:35:38.458939195,CUST_02848,1295.61,upi,mastercard,fashion,mobile_android,AE,True,0
TXN_000881,2026-01-02 07:39:04.838341743,CUST_03943,7309.62,upi,mastercard,electronics,mobile_android,US,False,1
TXN_000882,2026-01-02 07:49:03.783900944,CUST_00031,5841.73,upi,visa,fashion,mobile_android,GB,True,0
TXN_000883,2026-01-02 07:52:43.014762668,CUST_00479,2200.01,upi,mastercard,electronics,mobile_android,IN,False,0
TXN_000884,2026-01-02 07:55:30.796489157,CUST_00141,2081.57,card,mastercard,electronics,mobile_ios,AE,True,0
TXN_000885,2026-01-02 07:55:43.163395950,CUST_01021,2178.64,card,mastercard,electronics,unknown,IN,True,0
TXN_000886,2026-01-02 07:58:45.682595945,CUST_00353,923.07,upi,visa,electronics,desktop_mac,IN,True,0
TXN_000887,2026-01-02 07:58:47.059452948,CUST_02916,9543.31,upi,visa,electronics,mobile_android,SG,True,0
TXN_000888,2026-01-02 07:58:47.676398377,CUST_03400,1191.42,upi,visa,digital_goods,mobile_android,AE,True,0
TXN_000889,2026-01-02 08:01:51.730856932,CUST_00278,692.51,card,visa,electronics,mobile_android,GB,True,0
TXN_000890,2026-01-02 08:01:56.464764724,CUST_00344,2790.14,upi,mastercard,fashion,unknown,SG,True,0
TXN_000891,2026-01-02 08:02:38.006489101,CUST_00890,389.28,upi,visa,digital_goods,desktop_windows,US,False,0
TXN_000892,2026-01-02 08:06:47.272448061,CUST_01341,931.58,netbanking,visa,fashion,desktop_mac,US,True,0
TXN_000893,2026-01-02 08:06:53.268810507,CUST_02011,759.65,upi,visa,digital_goods,mobile_android,US,True,0
TXN_000894,2026-01-02 08:07:11.226671309,CUST_00022,1047.12,card,mastercard,electronics,mobile_ios,IN,True,0
TXN_000895,2026-01-02 08:08:53.813824837,CUST_00007,2252.69,card,mastercard,fashion,mobile_ios,IN,True,0
TXN_000896,2026-01-02 08:17:41.215941673,CUST_01567,919.25,upi,mastercard,fashion,mobile_ios,IN,True,1
TXN_000897,2026-01-02 08:20:08.229254777,CUST_00684,928.24,upi,mastercard,fashion,mobile_ios,IN,True,0
TXN_000898,2026-01-02 08:26:31.200276055,CUST_01537,2442.01,card,mastercard,gaming,mobile_ios,IN,True,0
TXN_000899,2026-01-02 08:32:42.954444617,CUST_00234,4223.57,upi,visa,travel,mobile_android,IN,True,0
TXN_000900,2026-01-02 08:43:33.996340017,CUST_00068,1446.16,upi,visa,groceries,mobile_android,SG,True,0
TXN_000901,2026-01-02 08:47:51.513935444,CUST_00027,3180.51,card,visa,groceries,mobile_ios,US,True,0
TXN_000902,2026-01-02 08:50:27.088536034,CUST_02236,729.66,card,mastercard,groceries,mobile_ios,US,True,0
TXN_000903,2026-01-02 08:50:47.244126537,CUST_00457,5669.76,card,visa,fashion,mobile_ios,AE,True,0
TXN_000904,2026-01-02 08:53:28.274119229,CUST_00016,598.52,upi,visa,digital_goods,mobile_android,IN,True,0
TXN_000905,2026-01-02 08:55:14.490671814,CUST_00149,5411.81,upi,rupay,digital_goods,mobile_android,IN,True,0
TXN_000906,2026-01-02 08:57:10.024021855,CUST_02787,1693.15,upi,rupay,groceries,mobile_android,SG,True,0
TXN_000907,2026-01-02 08:58:59.598159404,CUST_00694,119.77,upi,rupay,electronics,mobile_android,AE,True,0
TXN_000908,2026-01-02 09:02:37.874110507,CUST_02724,1873.92,netbanking,visa,groceries,mobile_ios,IN,True,0
TXN_000909,2026-01-02 09:07:09.363743199,CUST_03490,1622.29,upi,mastercard,groceries,mobile_ios,IN,True,0
TXN_000910,2026-01-02 09:07:11.337536086,CUST_00011,6549.02,upi,visa,electronics,mobile_android,IN,True,0
TXN_000911,2026-01-02 09:08:11.848118517,CUST_03471,576.34,upi,visa,digital_goods,mobile_android,SG,True,0
TXN_000912,2026-01-02 09:10:16.393862720,CUST_00377,1234.37,wallet,mastercard,fashion,desktop_windows,IN,True,0
TXN_000913,2026-01-02 09:13:50.986234550,CUST_01680,1715.53,upi,rupay,travel,mobile_android,US,True,0
TXN_000914,2026-01-02 09:15:53.105899184,CUST_00457,4193.31,netbanking,visa,groceries,mobile_ios,US,True,0
TXN_000915,2026-01-02 09:23:20.007613802,CUST_01238,2654.3,netbanking,mastercard,digital_goods,mobile_android,AE,True,0
TXN_000916,2026-01-02 09:26:11.180729163,CUST_01520,360.59,upi,visa,electronics,mobile_android,AE,True,0
TXN_000917,2026-01-02 09:26:46.449353456,CUST_00039,717.19,card,mastercard,groceries,desktop_windows,IN,True,0
TXN_000918,2026-01-02 09:30:10.953158370,CUST_00535,304.15,card,mastercard,fashion,desktop_windows,IN,True,0
TXN_000919,2026-01-02 09:32:25.971850456,CUST_00100,1097.92,upi,visa,electronics,mobile_ios,IN,True,0
TXN_000920,2026-01-02 09:33:39.081837184,CUST_00032,1086.62,wallet,mastercard,digital_goods,mobile_android,SG,True,0
TXN_000921,2026-01-02 09:33:57.872933878,CUST_01132,1687.65,card,visa,fashion,mobile_android,AE,True,0
TXN_000922,2026-01-02 09:34:10.023034496,CUST_01578,2765.91,card,visa,electronics,mobile_android,GB,True,0
TXN_000923,2026-01-02 09:34:34.700846575,CUST_00164,929.02,card,visa,fashion,mobile_android,IN,True,0
TXN_000924,2026-01-02 09:35:42.024231632,CUST_00001,3492.7,upi,mastercard,groceries,mobile_android,IN,True,0
TXN_000925,2026-01-02 09:38:12.612026482,CUST_03722,3625.46,card,visa,electronics,mobile_ios,US,True,0
TXN_000926,2026-01-02 09:42:18.296987116,CUST_00671,4177.5,netbanking,visa,fashion,desktop_windows,IN,True,0
TXN_000927,2026-01-02 09:42:41.020962527,CUST_01425,2125.82,card,rupay,electronics,mobile_android,GB,True,0
TXN_000928,2026-01-02 09:42:49.753186146,CUST_00013,2054.3,upi,visa,digital_goods,desktop_mac,GB,True,0
TXN_000929,2026-01-02 09:43:31.042865192,CUST_01265,2613.47,upi,amex,groceries,mobile_android,SG,True,0
TXN_000930,2026-01-02 09:46:43.111112404,CUST_02077,2008.88,card,rupay,digital_goods,mobile_ios,GB,True,0
TXN_000931,2026-01-02 09:47:02.190624989,CUST_00006,698.6,upi,unknown,groceries,unknown,IN,True,0
TXN_000932,2026-01-02 09:50:03.067017582,CUST_00846,2536.53,upi,mastercard,fashion,mobile_android,SG,True,0
TXN_000933,2026-01-02 09:53:01.076701954,CUST_00045,2209.14,upi,visa,electronics,mobile_android,IN,True,0
TXN_000934,2026-01-02 09:56:33.929703163,CUST_00048,985.64,wallet,mastercard,gaming,mobile_android,IN,True,0
TXN_000935,2026-01-02 09:57:23.597131573,CUST_01239,3522.9,card,visa,electronics,mobile_android,IN,True,0
TXN_000936,2026-01-02 09:58:31.063873863,CUST_01260,1121.65,upi,mastercard,groceries,mobile_ios,IN,True,0
TXN_000937,2026-01-02 10:00:35.247135110,CUST_00966,701.24,upi,visa,fashion,mobile_ios,AE,True,0
TXN_000938,2026-01-02 10:14:33.160317878,CUST_00795,444.44,upi,visa,fashion,mobile_android,US,True,0
TXN_000939,2026-01-02 10:15:28.424665525,CUST_00655,2279.55,netbanking,unknown,electronics,mobile_ios,IN,True,0
TXN_000940,2026-01-02 10:17:30.934697686,CUST_00693,4256.71,upi,mastercard,gaming,mobile_android,IN,True,0
TXN_000941,2026-01-02 10:23:28.135973427,CUST_00297,2613.69,upi,visa,digital_goods,mobile_ios,IN,True,0
TXN_000942,2026-01-02 10:24:58.520920613,CUST_00164,737.43,card,rupay,electronics,desktop_mac,US,True,0
TXN_000943,2026-01-02 10:26:21.467289964,CUST_00176,1939.58,card,mastercard,groceries,mobile_android,IN,True,0
TXN_000944,2026-01-02 10:27:14.635229109,CUST_03166,2075.37,upi,visa,groceries,mobile_ios,IN,True,0
TXN_000945,2026-01-02 10:29:13.223580798,CUST_00177,9641.15,upi,mastercard,fashion,desktop_windows,US,True,0
TXN_000946,2026-01-02 10:29:47.397137065,CUST_00385,442.92,upi,mastercard,groceries,mobile_android,AE,True,0
TXN_000947,2026-01-02 10:31:09.298680406,CUST_00773,1735.78,upi,mastercard,gaming,mobile_android,IN,True,0
TXN_000948,2026-01-02 10:32:08.728727136,CUST_01949,1195.34,upi,visa,travel,mobile_android,US,True,0
TXN_000949,2026-01-02 10:35:27.490579569,CUST_02173,1197.05,card,visa,electronics,desktop_mac,US,True,0
TXN_000950,2026-01-02 10:37:00.792253025,CUST_01819,2720.97,upi,rupay,groceries,mobile_android,IN,True,0
TXN_000951,2026-01-02 10:37:41.857553649,CUST_00237,199.3,card,mastercard,groceries,mobile_android,IN,True,0
TXN_000952,2026-01-02 10:39:43.390436295,CUST_00060,3040.64,netbanking,mastercard,digital_goods,mobile_android,SG,True,0
TXN_000953,2026-01-02 10:41:05.094545584,CUST_02452,1019.49,upi,visa,digital_goods,mobile_android,GB,True,0
TXN_000954,2026-01-02 10:41:55.389235146,CUST_02890,771.97,netbanking,visa,electronics,desktop_windows,IN,True,0
TXN_000955,2026-01-02 10:42:09.426094406,CUST_03207,4044.42,upi,unknown,electronics,desktop_windows,GB,True,0
TXN_000956,2026-01-02 10:44:23.755996103,CUST_02763,1208.24,upi,mastercard,fashion,mobile_ios,SG,True,0
TXN_000957,2026-01-02 10:49:09.467068470,CUST_00355,3991.3,upi,visa,groceries,mobile_android,US,True,0
TXN_000958,2026-01-02 10:49:31.210348350,CUST_00053,539.27,card,visa,groceries,mobile_android,US,True,0
TXN_000959,2026-01-02 10:50:29.189685806,CUST_01524,2300.87,card,mastercard,digital_goods,mobile_android,SG,True,0
TXN_000960,2026-01-02 10:52:29.198161849,CUST_01412,76931.45,upi,mastercard,electronics,mobile_android,SG,False,1
TXN_000961,2026-01-02 10:52:48.677579867,CUST_00150,2785.26,card,visa,groceries,mobile_ios,IN,True,0
TXN_000962,2026-01-02 10:53:01.702777501,CUST_01265,1540.38,upi,visa,gaming,mobile_android,IN,True,0
TXN_000963,2026-01-02 10:53:06.153795372,CUST_03983,1560.44,wallet,rupay,electronics,mobile_android,AE,True,0
TXN_000964,2026-01-02 10:53:08.092433857,CUST_00065,2018.62,upi,visa,groceries,mobile_android,IN,True,0
TXN_000965,2026-01-02 10:53:17.095724663,CUST_00395,2716.54,upi,rupay,fashion,mobile_android,US,True,0
TXN_000966,2026-01-02 10:53:58.527324113,CUST_00426,1217.55,upi,visa,electronics,unknown,IN,True,0
TXN_000967,2026-01-02 10:56:51.294768934,CUST_00108,1496.7,upi,visa,travel,desktop_windows,US,True,0
TXN_000968,2026-01-02 10:59:46.881790259,CUST_02248,1092.52,upi,mastercard,digital_goods,desktop_windows,US,True,0
TXN_000969,2026-01-02 11:01:12.974403953,CUST_01733,1641.25,upi,mastercard,electronics,mobile_ios,IN,True,0
TXN_000970,2026-01-02 11:04:40.636374766,CUST_00112,17817.2,upi,mastercard,travel,mobile_android,IN,False,0
TXN_000971,2026-01-02 11:06:11.838897646,CUST_02758,2114.45,upi,visa,electronics,mobile_ios,US,True,0
TXN_000972,2026-01-02 11:06:21.811940998,CUST_00520,6591.78,upi,rupay,fashion,mobile_android,AE,True,0
TXN_000973,2026-01-02 11:07:28.070763563,CUST_00954,928.65,netbanking,visa,digital_goods,mobile_ios,IN,True,0
TXN_000974,2026-01-02 11:09:03.147888806,CUST_01604,300.67,upi,visa,fashion,mobile_ios,GB,True,0
TXN_000975,2026-01-02 11:10:18.068970170,CUST_02887,3278.5,card,amex,fashion,mobile_ios,GB,True,0
TXN_000976,2026-01-02 11:12:22.062893630,CUST_00123,2464.65,upi,rupay,groceries,mobile_android,GB,True,0
TXN_000977,2026-01-02 11:13:01.773449475,CUST_01134,4757.06,netbanking,visa,gaming,mobile_ios,IN,True,0
TXN_000978,2026-01-02 11:15:46.222833922,CUST_01530,2453.73,card,visa,travel,mobile_android,IN,True,0
TXN_000979,2026-01-02 11:18:22.661727533,CUST_02986,1324.15,wallet,visa,electronics,mobile_ios,IN,True,0
TXN_000980,2026-01-02 11:18:50.765687220,CUST_02141,2174.4,card,visa,digital_goods,mobile_android,IN,True,0
TXN_000981,2026-01-02 11:23:19.550037649,CUST_03220,4188.48,card,mastercard,fashion,desktop_windows,SG,False,0
TXN_000982,2026-01-02 11:24:21.538921663,CUST_00013,843.31,card,rupay,groceries,mobile_ios,US,True,0
TXN_000983,2026-01-02 11:28:06.286479194,CUST_00519,1907.16,card,visa,electronics,mobile_android,IN,True,0
TXN_000984,2026-01-02 11:29:40.526080427,CUST_00243,453.97,upi,mastercard,travel,mobile_android,AE,True,0
TXN_000985,2026-01-02 11:29:50.462589652,CUST_00748,2874.41,upi,visa,electronics,mobile_android,GB,True,0
TXN_000986,2026-01-02 11:30:12.162760522,CUST_02407,1425.7,upi,mastercard,gaming,mobile_ios,GB,True,0
TXN_000987,2026-01-02 11:36:20.491956227,CUST_00732,1764.31,card,mastercard,electronics,mobile_android,IN,True,0
TXN_000988,2026-01-02 11:37:39.066123953,CUST_00004,5006.27,upi,mastercard,fashion,mobile_android,IN,True,0
TXN_000989,2026-01-02 11:40:33.419764735,CUST_01526,3091.45,netbanking,mastercard,electronics,mobile_ios,GB,True,0
TXN_000990,2026-01-02 11:42:09.987552088,CUST_00001,2443.58,upi,visa,gaming,mobile_android,GB,True,0
TXN_000991,2026-01-02 11:43:00.267528024,CUST_00021,1363.68,card,mastercard,travel,mobile_ios,GB,True,0
TXN_000992,2026-01-02 11:47:58.403496707,CUST_01856,1427.47,upi,visa,fashion,mobile_ios,IN,True,0
TXN_000993,2026-01-02 11:48:57.376676852,CUST_02555,5271.41,card,unknown,digital_goods,unknown,GB,True,0
TXN_000994,2026-01-02 11:51:11.336959922,CUST_00265,1907.89,wallet,visa,electronics,desktop_mac,IN,True,0
TXN_000995,2026-01-02 11:51:31.158731688,CUST_01030,3133.88,card,mastercard,groceries,mobile_ios,IN,True,0
TXN_000996,2026-01-02 11:52:04.875341163,CUST_00939,4251.11,netbanking,visa,electronics,mobile_ios,SG,True,0
TXN_000997,2026-01-02 11:59:25.799563948,CUST_00008,1967.88,card,mastercard,electronics,mobile_android,IN,True,0
TXN_000998,2026-01-02 12:03:21.202601197,CUST_00929,1739.24,upi,visa,travel,mobile_ios,SG,True,0
TXN_000999,2026-01-02 12:10:35.425721326,CUST_00001,2821.39,upi,mastercard,groceries,mobile_ios,IN,True,0
TXN_001000,2026-01-02 12:16:33.779545393,CUST_02474,3425.89,card,visa,digital_goods,mobile_android,IN,True,0
